date,geography,geography code,Rural Urban,Economic Activity: All categories: Economic activity; measures: Value,Economic Activity: Economically active: Total; measures: Value,Economic Activity: Economically active: Employee: Part-time; measures: Value,Economic Activity: Economically active: Employee: Full-time; measures: Value,Economic Activity: Economically active: Self-employed with employees: Part-time; measures: Value,Economic Activity: Economically active: Self-employed with employees: Full-time; measures: Value,Economic Activity: Economically active: Self-employed without employees: Part-time; measures: Value,Economic Activity: Economically active: Self-employed without employees: Full-time; measures: Value,Economic Activity: Economically active: Unemployed; measures: Value,Economic Activity: Economically active: Full-time student; measures: Value,Economic Activity: Economically inactive: Total; measures: Value,Economic Activity: Economically inactive: Retired; measures: Value,Economic Activity: Economically inactive: Student (including full-time students); measures: Value,Economic Activity: Economically inactive: Looking after home or family; measures: Value,Economic Activity: Economically inactive: Long-term sick or disabled; measures: Value,Economic Activity: Economically inactive: Other; measures: Value
2011,Darlington,E06000005,Total,76635,69.74,15.08,39.59,0.31,1.64,1.68,3.68,5.22,2.55,30.26,15.94,3.58,4.02,4.88,1.85
2011,County Durham,E06000047,Total,383796,64.38,13.18,37.5,0.27,1.49,1.51,3.32,4.43,2.67,35.62,17.05,6.21,3.7,6.48,2.17
2011,Hartlepool,E06000001,Total,66804,65.14,15.11,33.88,0.32,1.27,1.34,2.78,7.77,2.67,34.86,15.9,4.55,4.89,7.08,2.44
2011,Middlesbrough,E06000002,Total,100551,63.23,14.98,31.13,0.3,1.06,1.32,2.46,7.59,4.39,36.77,13.85,7.41,5.54,6.8,3.17
2011,Northumberland,E06000057,Total,233224,67.86,14.74,37.04,0.43,2.29,2.21,4.53,4.43,2.2,32.14,18.82,3.48,3.59,4.43,1.83
2011,Redcar and Cleveland,E06000003,Total,99177,64.06,15.45,33.65,0.29,1.25,1.45,2.93,6.59,2.46,35.94,19.37,4.18,4.4,5.92,2.09
2011,Stockton-on-Tees,E06000004,Total,140654,68.44,15.69,37.63,0.29,1.43,1.51,3.12,5.74,3.02,31.56,14.76,5.17,4.2,4.88,2.54
2011,Gateshead,E08000037,Total,148079,67.66,14.2,39.84,0.24,1.27,1.39,3.04,5.01,2.67,32.34,15.89,4.61,3.83,5.97,2.04
2011,Newcastle upon Tyne,E08000021,Total,212864,62.88,12.14,32.8,0.32,1.42,1.51,2.93,5.0,6.77,37.12,11.54,13.74,4.17,5.41,2.26
2011,North Tyneside,E08000022,Total,147889,70.49,14.75,41.48,0.24,1.4,1.54,3.34,4.94,2.8,29.51,15.89,3.59,3.41,4.97,1.65
2011,South Tyneside,E08000023,Total,108981,66.66,14.2,37.47,0.27,1.27,1.18,2.75,6.56,2.97,33.34,15.92,4.23,4.31,6.64,2.24
2011,Sunderland,E08000024,Total,205552,65.9,14.2,36.92,0.29,1.23,1.36,2.71,5.85,3.35,34.1,15.67,5.24,4.22,6.85,2.11
2011,Blackburn with Darwen,E06000008,Total,104417,64.2,13.92,34.09,0.5,1.63,1.96,3.57,5.34,3.19,35.8,12.69,5.81,6.76,7.07,3.48
2011,Blackpool,E06000009,Total,103813,66.02,14.29,32.97,0.34,1.59,2.33,5.35,6.1,3.06,33.98,16.19,3.67,3.8,7.93,2.39
2011,Cheshire East,E06000049,Total,270953,70.59,14.37,39.44,0.44,2.41,2.85,5.02,3.23,2.82,29.41,17.14,4.19,3.54,3.07,1.47
2011,Cheshire West and Chester,E06000050,Total,243155,70.23,14.89,39.33,0.36,1.94,2.35,4.33,3.68,3.34,29.77,16.41,4.42,3.55,3.94,1.46
2011,Halton,E06000006,Total,92708,68.4,14.13,40.15,0.21,1.14,1.33,3.17,5.56,2.72,31.6,14.38,4.16,4.21,6.96,1.89
2011,Warrington,E06000007,Total,149461,72.1,14.57,42.74,0.32,1.6,1.93,3.93,3.99,3.03,27.9,14.85,3.64,3.29,4.06,2.06
2011,Allerdale,E07000026,Total,70978,68.9,16.36,36.51,0.5,2.5,2.17,5.13,3.6,2.14,31.1,18.91,3.0,3.2,4.53,1.46
2011,Barrow-in-Furness,E07000027,Total,51103,66.33,16.57,36.64,0.33,1.27,1.65,2.93,4.63,2.32,33.67,17.94,3.16,3.55,7.28,1.75
2011,Carlisle,E07000028,Total,79531,71.93,16.72,39.18,0.4,2.09,1.9,4.8,3.58,3.26,28.07,15.5,3.49,2.91,4.67,1.49
2011,Copeland,E07000029,Total,52702,67.05,15.15,38.95,0.3,1.61,1.43,3.63,4.24,1.74,32.95,18.32,3.03,3.65,5.45,2.5
2011,Eden,E07000030,Total,38735,73.35,15.98,35.24,0.66,3.92,3.7,8.98,2.12,2.75,26.65,17.61,2.76,2.38,2.75,1.14
2011,South Lakeland,E07000031,Total,75831,70.41,15.84,35.42,0.6,3.2,3.56,7.28,2.01,2.5,29.59,20.38,3.04,2.33,2.59,1.24
2011,Bolton,E08000001,Total,200723,67.22,13.85,37.18,0.42,1.69,2.04,4.0,4.94,3.11,32.78,14.7,5.14,4.73,5.77,2.43
2011,Bury,E08000002,Total,134687,70.3,14.19,40.06,0.4,1.89,2.32,4.47,4.28,2.69,29.7,14.52,4.51,3.84,4.9,1.94
2011,Manchester,E08000003,Total,382932,63.52,10.85,33.67,0.29,1.06,1.77,3.05,5.71,7.12,36.48,7.62,14.1,4.88,6.57,3.31
2011,Oldham,E08000004,Total,159765,66.6,13.88,36.56,0.41,1.62,1.91,3.85,5.42,2.96,33.4,14.04,5.09,5.66,5.76,2.85
2011,Rochdale,E08000005,Total,152742,66.13,13.16,36.4,0.41,1.59,1.95,3.97,5.92,2.71,33.87,13.65,5.25,5.13,6.84,3.0
2011,Salford,E08000006,Total,173117,68.24,12.52,39.26,0.24,1.22,1.51,3.6,5.22,4.66,31.76,12.1,5.83,4.06,6.88,2.89
2011,Stockport,E08000007,Total,205310,71.26,14.59,40.45,0.37,1.97,2.38,4.86,3.9,2.74,28.74,15.29,4.22,3.48,4.15,1.6
2011,Tameside,E08000008,Total,161459,68.76,13.24,40.6,0.29,1.36,1.71,4.08,4.99,2.49,31.24,14.67,4.25,3.99,6.17,2.16
2011,Trafford,E08000009,Total,162806,72.52,14.0,41.89,0.4,2.1,2.54,4.7,3.77,3.12,27.48,13.35,4.42,3.95,3.99,1.77
2011,Wigan,E08000010,Total,236495,68.83,13.9,40.04,0.27,1.41,1.7,4.0,4.86,2.65,31.17,16.16,3.51,3.51,6.2,1.8
2011,Burnley,E07000117,Total,63376,66.08,14.4,36.59,0.33,1.35,2.01,3.55,5.27,2.57,33.92,15.38,4.34,4.54,6.99,2.67
2011,Chorley,E07000118,Total,79951,70.85,14.44,41.48,0.35,2.05,2.1,4.63,3.24,2.56,29.15,16.13,3.24,2.85,4.08,2.85
2011,Fylde,E07000119,Total,54544,66.82,13.52,37.07,0.47,2.37,2.54,5.05,3.09,2.7,33.18,20.65,3.27,3.11,3.96,2.18
2011,Hyndburn,E07000120,Total,58356,67.03,13.54,37.75,0.35,1.51,2.16,4.09,4.61,3.03,32.97,15.08,4.31,4.46,6.7,2.42
2011,Lancaster,E07000121,Total,103296,65.12,14.38,33.7,0.33,1.73,2.23,4.26,3.25,5.23,34.88,15.22,10.86,2.82,4.29,1.7
2011,Pendle,E07000122,Total,64440,66.36,14.02,35.97,0.46,1.91,2.44,4.11,4.67,2.77,33.64,15.14,4.11,5.74,6.08,2.56
2011,Preston,E07000123,Total,104085,67.74,13.63,36.73,0.34,1.47,1.65,3.2,4.4,6.33,32.26,11.67,8.2,4.4,5.37,2.61
2011,Ribble Valley,E07000124,Total,41285,71.87,14.59,39.01,0.52,3.55,2.99,6.23,2.06,2.93,28.13,18.0,3.64,2.37,2.73,1.38
2011,Rossendale,E07000125,Total,50075,70.27,13.57,40.07,0.38,2.05,2.47,5.09,4.17,2.46,29.73,14.72,4.29,3.61,5.42,1.69
2011,South Ribble,E07000126,Total,80458,72.8,14.88,43.71,0.3,1.73,1.93,4.35,3.01,2.91,27.2,16.51,3.33,2.65,3.48,1.22
2011,West Lancashire,E07000127,Total,81601,68.23,14.1,36.35,0.46,2.36,2.17,4.58,3.9,4.33,31.77,17.02,5.72,3.28,4.31,1.44
2011,Wyre,E07000128,Total,77663,66.25,14.55,34.67,0.44,2.5,2.54,5.27,3.17,3.1,33.75,21.2,3.88,2.89,4.43,1.35
2011,Knowsley,E08000011,Total,106155,65.58,14.29,35.86,0.2,1.02,1.31,3.34,6.52,3.05,34.42,13.58,4.83,4.54,8.79,2.68
2011,Liverpool,E08000012,Total,356876,63.4,12.56,32.72,0.24,1.15,1.35,3.05,6.72,5.61,36.6,11.51,10.31,3.83,7.97,2.98
2011,Sefton,E08000014,Total,198197,67.11,15.04,35.83,0.32,1.73,2.02,4.14,4.9,3.14,32.89,17.32,4.38,3.38,5.86,1.95
2011,St. Helens,E08000013,Total,129584,66.46,14.02,38.56,0.25,1.3,1.36,3.28,5.12,2.56,33.54,17.09,4.09,3.84,6.67,1.86
2011,Wirral,E08000015,Total,230851,66.38,14.95,36.26,0.31,1.66,1.92,3.62,5.17,2.49,33.62,16.79,4.54,3.92,6.38,1.99
2011,East Riding of Yorkshire,E06000011,Total,245594,68.76,15.41,36.96,0.44,2.46,2.39,4.82,3.58,2.69,31.24,19.46,3.73,3.2,3.14,1.72
2011,"Kingston upon Hull, City of",E06000010,Total,190610,67.22,14.71,35.69,0.22,0.95,1.23,2.75,8.02,3.64,32.78,12.08,6.95,4.97,6.05,2.73
2011,North East Lincolnshire,E06000012,Total,115823,68.4,16.48,36.3,0.26,1.37,1.52,3.31,6.46,2.7,31.6,15.56,4.17,4.87,4.85,2.16
2011,North Lincolnshire,E06000013,Total,122329,69.21,15.34,39.47,0.34,1.66,1.77,3.48,4.8,2.36,30.79,16.59,3.74,4.44,4.21,1.81
2011,York,E06000014,Total,149789,70.06,15.01,38.07,0.3,1.6,2.17,4.16,3.06,5.69,29.94,13.81,9.6,2.74,2.46,1.32
2011,Craven,E07000163,Total,40056,71.76,15.33,36.3,0.55,3.36,3.39,7.75,2.5,2.59,28.24,18.79,3.25,2.57,2.41,1.23
2011,Hambleton,E07000164,Total,65255,72.13,15.08,38.89,0.6,3.33,2.83,6.63,2.56,2.21,27.87,18.1,3.0,3.13,2.27,1.37
2011,Harrogate,E07000165,Total,114038,74.24,14.91,40.78,0.56,3.06,3.29,6.42,2.57,2.65,25.76,15.52,3.32,3.35,2.27,1.3
2011,Richmondshire,E07000166,Total,38652,75.07,13.5,44.3,0.48,3.13,2.7,6.19,2.89,1.9,24.93,14.9,2.42,3.61,2.17,1.82
2011,Ryedale,E07000167,Total,37581,70.9,15.36,33.95,0.71,3.67,3.82,8.43,2.74,2.21,29.1,18.64,3.41,3.13,2.51,1.41
2011,Scarborough,E07000168,Total,79393,65.81,16.17,30.67,0.5,2.63,2.65,5.93,4.25,3.01,34.19,20.3,3.96,3.51,4.67,1.76
2011,Selby,E07000169,Total,61831,73.94,15.03,42.53,0.46,2.39,2.37,5.12,3.48,2.55,26.06,15.7,3.05,3.53,2.57,1.21
2011,Barnsley,E08000016,Total,170405,66.49,14.56,36.88,0.3,1.55,1.68,4.16,5.13,2.24,33.51,16.44,3.65,4.36,7.0,2.06
2011,Doncaster,E08000017,Total,220877,66.9,14.99,36.67,0.33,1.5,1.78,3.72,5.75,2.16,33.1,15.44,3.97,4.87,5.87,2.96
2011,Rotherham,E08000018,Total,187959,66.98,15.34,36.64,0.32,1.51,1.73,3.89,5.23,2.34,33.02,16.56,3.94,4.72,5.65,2.16
2011,Sheffield,E08000019,Total,411004,65.75,13.84,34.29,0.3,1.34,1.91,3.76,4.78,5.55,34.25,12.88,10.76,4.06,4.48,2.07
2011,Bradford,E08000032,Total,366217,66.55,14.42,34.34,0.47,1.69,2.38,4.05,5.8,3.41,33.45,12.0,6.37,6.69,4.96,3.43
2011,Calderdale,E08000033,Total,148766,70.51,14.74,38.73,0.39,1.91,2.45,4.7,4.97,2.61,29.49,15.06,4.14,3.93,4.38,1.99
2011,Kirklees,E08000034,Total,307194,68.2,14.53,36.52,0.46,1.85,2.3,4.34,4.71,3.49,31.8,14.33,5.73,4.96,4.4,2.39
2011,Leeds,E08000035,Total,560849,69.52,13.11,38.79,0.32,1.48,1.91,3.83,4.78,5.32,30.48,12.38,8.21,3.64,4.01,2.23
2011,Wakefield,E08000036,Total,240997,68.37,14.84,39.65,0.3,1.45,1.64,3.54,4.86,2.09,31.63,16.07,3.52,3.96,5.85,2.24
2011,Derby,E06000015,Total,179291,68.99,14.67,38.47,0.27,1.13,1.74,3.36,5.19,4.15,31.01,12.79,6.27,4.79,4.78,2.38
2011,Leicester,E06000016,Total,242232,64.58,13.76,33.35,0.31,1.14,1.53,2.81,6.18,5.49,35.42,9.26,11.4,6.21,5.12,3.44
2011,Nottingham,E06000018,Total,232072,61.33,11.9,31.13,0.25,0.93,1.54,2.89,6.37,6.33,38.67,9.11,16.26,4.68,5.67,2.95
2011,Rutland,E06000017,Total,27052,69.34,14.22,38.13,0.57,2.62,3.61,5.57,2.38,2.24,30.66,16.93,5.8,3.25,1.71,2.98
2011,Amber Valley,E07000032,Total,90558,69.88,14.77,40.01,0.29,1.76,2.3,4.68,3.87,2.2,30.12,17.35,3.43,3.77,4.06,1.5
2011,Bolsover,E07000033,Total,55945,66.93,14.27,38.51,0.26,1.47,1.68,3.84,4.67,2.24,33.07,16.91,3.51,4.35,6.48,1.82
2011,Chesterfield,E07000034,Total,76409,67.94,16.06,37.42,0.31,1.3,1.94,3.89,4.66,2.37,32.06,16.87,3.64,3.82,5.96,1.77
2011,Derbyshire Dales,E07000035,Total,51978,70.3,15.91,34.92,0.65,3.06,3.7,7.17,2.68,2.2,29.7,19.05,3.27,3.04,2.54,1.79
2011,Erewash,E07000036,Total,82609,71.47,15.07,41.48,0.28,1.54,1.97,4.19,4.53,2.41,28.53,15.61,3.6,3.76,4.0,1.56
2011,High Peak,E07000037,Total,67389,72.06,15.31,39.14,0.37,2.1,2.82,5.8,3.82,2.69,27.94,15.67,4.29,2.96,3.67,1.34
2011,North East Derbyshire,E07000038,Total,73460,67.95,15.9,36.85,0.35,1.93,2.2,4.8,3.67,2.25,32.05,19.27,3.38,3.51,4.47,1.41
2011,South Derbyshire,E07000039,Total,69450,72.51,14.8,42.82,0.38,1.88,2.31,4.63,3.06,2.63,27.49,14.81,3.63,3.96,3.52,1.57
2011,Blaby,E07000129,Total,68558,73.9,15.66,42.6,0.35,1.92,2.43,5.16,2.86,2.91,26.1,15.64,3.64,2.79,2.28,1.75
2011,Charnwood,E07000130,Total,124967,67.71,13.77,38.08,0.32,1.71,2.13,4.2,3.09,4.41,32.29,13.68,11.43,3.14,2.75,1.3
2011,Harborough,E07000131,Total,61913,73.96,15.21,40.93,0.53,2.97,3.31,6.08,2.45,2.47,26.04,15.46,3.9,3.02,1.99,1.67
2011,Hinckley and Bosworth,E07000132,Total,77716,72.75,14.68,42.57,0.41,1.99,2.5,5.1,3.15,2.36,27.25,16.63,3.36,3.23,2.84,1.19
2011,Melton,E07000133,Total,36955,74.2,15.25,41.89,0.42,2.5,2.89,5.67,2.89,2.7,25.8,15.78,3.33,3.37,2.11,1.2
2011,North West Leicestershire,E07000134,Total,68556,71.47,14.36,41.98,0.34,1.83,2.29,4.83,3.44,2.4,28.53,16.08,3.81,3.79,3.43,1.42
2011,Oadby and Wigston,E07000135,Total,40797,68.92,15.06,38.16,0.41,1.99,2.12,4.09,3.22,3.87,31.08,14.96,8.71,3.18,2.69,1.54
2011,Boston,E07000136,Total,47306,69.82,15.81,39.49,0.38,1.89,1.92,4.07,4.16,2.1,30.18,16.58,3.06,3.89,4.4,2.25
2011,East Lindsey,E07000137,Total,99928,60.76,14.27,29.77,0.48,2.46,2.7,5.23,3.97,1.88,39.24,24.06,3.24,4.36,5.8,1.79
2011,Lincoln,E07000138,Total,71577,69.19,13.87,37.03,0.22,1.11,1.55,3.47,4.94,7.0,30.81,11.2,8.78,4.02,4.58,2.23
2011,North Kesteven,E07000139,Total,78616,70.04,14.55,40.78,0.38,1.89,2.39,4.78,2.91,2.36,29.96,18.94,3.23,3.74,2.9,1.15
2011,South Holland,E07000140,Total,63920,69.27,13.19,40.24,0.41,2.07,2.34,5.16,3.96,1.9,30.73,18.6,2.89,3.99,3.61,1.64
2011,South Kesteven,E07000141,Total,97319,72.21,14.98,41.15,0.37,1.95,2.72,5.09,3.34,2.6,27.79,16.51,3.2,3.68,2.92,1.48
2011,West Lindsey,E07000142,Total,65531,68.32,15.04,36.9,0.39,2.28,2.67,4.88,3.81,2.35,31.68,18.87,3.61,3.96,3.8,1.43
2011,Corby,E07000150,Total,45049,73.62,13.64,46.39,0.21,1.06,1.25,3.34,4.93,2.79,26.38,12.36,3.34,3.9,4.97,1.81
2011,Daventry,E07000151,Total,57379,72.41,13.78,41.16,0.42,2.53,2.97,5.88,3.02,2.65,27.59,15.3,3.45,3.62,2.54,2.69
2011,East Northamptonshire,E07000152,Total,63006,72.72,13.65,42.81,0.4,1.99,2.49,5.68,3.39,2.33,27.28,15.16,3.97,3.99,2.87,1.28
2011,Kettering,E07000153,Total,67920,73.63,14.67,43.15,0.33,1.8,2.27,4.81,4.02,2.59,26.37,14.32,3.09,3.85,3.55,1.55
2011,Northampton,E07000154,Total,155682,74.18,13.51,43.91,0.27,1.45,1.84,4.47,4.64,4.09,25.82,11.21,5.06,3.87,3.75,1.93
2011,South Northamptonshire,E07000155,Total,62321,76.14,14.45,43.39,0.47,2.61,3.32,6.87,2.37,2.66,23.86,14.7,2.96,3.38,1.68,1.14
2011,Wellingborough,E07000156,Total,54817,71.6,13.59,42.63,0.28,1.63,1.88,4.31,4.67,2.61,28.4,14.7,3.36,4.31,3.85,2.19
2011,Ashfield,E07000170,Total,88037,68.12,14.74,39.52,0.27,1.23,1.66,3.84,4.7,2.16,31.88,16.52,3.32,4.53,5.58,1.93
2011,Bassetlaw,E07000171,Total,83305,67.89,15.31,37.91,0.39,1.82,1.97,4.15,3.95,2.37,32.11,17.05,3.5,3.8,5.06,2.7
2011,Broxtowe,E07000172,Total,81573,69.68,14.53,40.69,0.29,1.57,1.98,3.87,3.87,2.88,30.32,16.48,5.61,3.34,3.47,1.43
2011,Gedling,E07000173,Total,83284,71.43,15.54,39.83,0.36,1.88,2.29,4.79,4.07,2.68,28.57,16.54,3.61,3.26,3.64,1.52
2011,Mansfield,E07000174,Total,77155,67.9,15.07,38.67,0.29,1.38,1.67,3.79,4.6,2.44,32.1,15.71,3.45,4.45,6.48,2.01
2011,Newark and Sherwood,E07000175,Total,84145,68.89,15.08,37.97,0.41,2.14,2.45,4.79,3.56,2.5,31.11,17.06,3.75,4.07,4.27,1.96
2011,Rushcliffe,E07000176,Total,80755,71.88,14.55,40.46,0.46,2.41,2.95,4.95,2.75,3.33,28.12,15.88,5.53,3.02,2.18,1.53
2011,"Herefordshire, County of",E06000019,Total,133442,71.28,15.25,36.04,0.51,2.74,3.51,7.59,3.26,2.38,28.72,16.6,3.63,3.47,3.45,1.57
2011,Shropshire,E06000051,Total,223892,71.01,15.53,37.12,0.5,2.74,3.06,6.44,3.28,2.34,28.99,16.9,3.91,3.36,3.23,1.58
2011,Stoke-on-Trent,E06000021,Total,182808,65.5,13.53,36.7,0.29,1.16,1.54,3.26,5.31,3.7,34.5,14.28,5.61,4.68,7.23,2.69
2011,Telford and Wrekin,E06000020,Total,122279,69.47,13.52,41.35,0.24,1.41,1.75,3.63,4.75,2.83,30.53,13.74,5.08,4.84,4.91,1.96
2011,Cannock Chase,E07000192,Total,72274,70.99,15.23,39.9,0.29,1.47,1.74,5.17,4.58,2.6,29.01,14.85,3.6,4.16,4.73,1.67
2011,East Staffordshire,E07000193,Total,83059,70.53,14.61,40.73,0.36,1.74,2.17,4.36,3.82,2.72,29.47,15.05,3.7,4.44,3.74,2.54
2011,Lichfield,E07000194,Total,74757,69.37,14.57,38.57,0.44,2.38,2.58,5.05,3.39,2.4,30.63,18.57,3.74,3.48,3.04,1.79
2011,Newcastle-under-Lyme,E07000195,Total,92335,66.68,13.79,37.77,0.26,1.65,1.85,3.8,3.66,3.89,33.32,16.06,7.65,3.23,4.7,1.68
2011,South Staffordshire,E07000196,Total,80718,69.9,15.14,38.4,0.47,2.43,2.34,5.22,3.31,2.57,30.1,18.28,3.91,3.17,2.76,1.98
2011,Stafford,E07000197,Total,97297,70.17,14.49,40.03,0.36,2.11,2.21,4.44,3.11,3.42,29.83,16.7,5.06,2.97,3.11,2.0
2011,Staffordshire Moorlands,E07000198,Total,72085,69.35,14.6,38.06,0.48,2.34,2.47,6.03,2.82,2.53,30.65,19.07,3.3,2.9,4.06,1.32
2011,Tamworth,E07000199,Total,56833,72.47,15.07,43.13,0.22,1.15,1.62,4.12,4.47,2.69,27.53,14.26,3.54,4.16,4.12,1.44
2011,North Warwickshire,E07000218,Total,46170,71.8,14.58,41.11,0.38,2.14,2.25,5.4,3.6,2.34,28.2,16.54,3.32,3.34,3.53,1.46
2011,Nuneaton and Bedworth,E07000219,Total,92090,70.77,14.76,41.73,0.24,1.26,1.62,3.71,4.74,2.73,29.23,15.61,3.56,3.93,4.41,1.73
2011,Rugby,E07000220,Total,72759,73.47,13.88,44.55,0.31,1.65,2.25,4.73,3.59,2.51,26.53,14.74,3.9,3.51,2.84,1.54
2011,Stratford-on-Avon,E07000221,Total,87728,72.1,14.42,38.55,0.53,2.74,3.95,6.88,2.46,2.57,27.9,17.27,3.4,3.48,2.31,1.42
2011,Warwick,E07000222,Total,102883,71.25,13.08,41.86,0.39,1.86,2.79,4.72,3.03,3.53,28.75,12.95,8.98,2.93,2.55,1.34
2011,Birmingham,E08000025,Total,760252,64.22,12.65,33.1,0.39,1.28,2.0,3.28,7.12,4.4,35.78,10.68,9.75,6.42,5.25,3.69
2011,Coventry,E08000026,Total,231871,66.31,12.85,36.5,0.24,1.11,1.58,3.26,5.4,5.37,33.69,11.99,10.45,4.33,4.52,2.41
2011,Dudley,E08000027,Total,226726,68.6,14.99,38.22,0.27,1.35,1.86,4.05,5.32,2.53,31.4,16.15,4.25,4.57,4.44,2.0
2011,Sandwell,E08000028,Total,219508,66.81,13.57,37.06,0.3,1.14,1.49,3.09,7.31,2.85,33.19,13.02,5.34,5.86,5.78,3.19
2011,Solihull,E08000029,Total,148360,70.85,14.63,39.91,0.4,1.98,2.27,4.56,4.25,2.84,29.15,16.19,4.38,3.71,3.34,1.54
2011,Walsall,E08000030,Total,191974,66.05,14.03,35.29,0.35,1.51,1.65,3.78,6.77,2.67,33.95,15.04,4.97,5.84,5.2,2.9
2011,Wolverhampton,E08000031,Total,179983,66.9,13.54,35.55,0.29,1.26,1.49,3.28,7.85,3.64,33.1,13.2,6.13,5.27,5.43,3.08
2011,Bromsgrove,E07000234,Total,67807,71.77,15.33,39.38,0.49,2.6,2.88,5.49,3.05,2.55,28.23,16.27,4.18,2.82,2.53,2.44
2011,Malvern Hills,E07000235,Total,53512,67.76,14.4,33.71,0.55,2.82,3.98,6.87,3.16,2.28,32.24,19.23,4.83,3.51,3.16,1.51
2011,Redditch,E07000236,Total,62523,73.92,14.38,43.8,0.25,1.39,2.11,4.39,4.6,3.01,26.08,12.96,3.83,3.9,3.8,1.58
2011,Worcester,E07000237,Total,73382,73.54,14.99,41.94,0.23,1.3,2.13,4.18,4.18,4.58,26.46,12.15,5.51,3.7,3.4,1.69
2011,Wychavon,E07000238,Total,85481,71.67,14.99,38.44,0.48,2.63,3.24,6.26,3.13,2.49,28.33,17.39,3.34,3.39,2.66,1.55
2011,Wyre Forest,E07000239,Total,72331,68.73,15.2,37.39,0.37,1.82,2.5,5.01,4.2,2.23,31.27,18.47,3.34,3.65,4.11,1.71
2011,Bedford,E06000055,Total,113764,71.89,13.92,40.38,0.38,1.85,2.47,4.81,4.45,3.61,28.11,12.76,5.48,4.32,3.3,2.26
2011,Central Bedfordshire,E06000056,Total,186658,74.75,13.97,43.56,0.36,1.97,2.67,5.97,3.45,2.81,25.25,13.45,4.16,3.94,2.36,1.34
2011,Luton,E06000032,Total,145208,69.05,12.68,36.69,0.44,1.47,2.03,4.46,5.74,5.55,30.95,9.87,7.37,6.65,3.78,3.26
2011,Peterborough,E06000031,Total,132318,72.28,14.1,42.85,0.33,1.47,1.99,3.78,5.06,2.71,27.72,11.58,3.86,5.49,4.14,2.64
2011,Southend-on-Sea,E06000033,Total,125007,70.66,14.36,38.38,0.36,1.73,2.68,5.47,4.97,2.71,29.34,14.12,3.81,5.04,4.25,2.12
2011,Thurrock,E06000034,Total,114124,74.01,14.34,42.6,0.3,1.53,1.83,5.23,5.42,2.74,25.99,11.72,3.49,5.17,3.54,2.06
2011,Cambridge,E07000008,Total,98283,63.98,10.18,38.0,0.23,1.28,2.34,3.57,2.69,5.7,36.02,7.12,21.84,3.0,2.48,1.57
2011,East Cambridgeshire,E07000009,Total,60714,75.63,14.51,44.02,0.41,2.3,3.1,6.09,2.88,2.32,24.37,13.55,2.94,4.17,2.37,1.35
2011,Fenland,E07000010,Total,69258,69.06,14.01,39.42,0.33,1.73,2.03,5.17,4.23,2.14,30.94,17.14,3.1,4.27,4.48,1.96
2011,Huntingdonshire,E07000011,Total,125346,74.58,14.18,45.09,0.35,1.81,2.43,4.91,3.16,2.65,25.42,14.1,3.19,3.79,2.48,1.86
2011,South Cambridgeshire,E07000012,Total,107779,76.15,14.47,45.0,0.41,2.19,3.44,5.56,2.32,2.76,23.85,13.03,3.99,3.6,1.98,1.25
2011,Basildon,E07000066,Total,125795,71.2,14.19,40.3,0.29,1.66,2.15,5.53,4.65,2.43,28.8,13.91,3.42,5.73,3.94,1.81
2011,Braintree,E07000067,Total,106718,73.76,14.76,41.1,0.39,2.02,2.91,6.31,3.76,2.52,26.24,14.08,2.95,4.58,3.14,1.49
2011,Brentwood,E07000068,Total,52959,72.03,13.49,40.93,0.46,2.42,3.22,6.11,3.15,2.26,27.97,14.89,4.4,4.84,2.29,1.54
2011,Castle Point,E07000069,Total,64626,68.21,14.74,36.39,0.34,1.9,2.33,6.54,3.54,2.43,31.79,19.38,2.87,4.78,3.15,1.62
2011,Chelmsford,E07000070,Total,123693,73.84,14.66,42.4,0.35,1.86,2.71,5.41,3.41,3.04,26.16,14.13,3.91,4.23,2.27,1.61
2011,Colchester,E07000071,Total,128562,71.08,14.37,39.35,0.32,1.69,2.45,4.99,3.47,4.45,28.92,13.15,6.96,4.06,3.22,1.53
2011,Epping Forest,E07000072,Total,90622,72.06,13.27,38.32,0.64,3.13,3.48,7.3,3.6,2.33,27.94,14.07,4.47,4.92,2.62,1.85
2011,Harlow,E07000073,Total,58669,74.74,14.73,43.06,0.24,1.25,2.01,5.2,5.19,3.06,25.26,11.29,3.58,4.74,3.73,1.92
2011,Maldon,E07000074,Total,45406,70.16,14.62,36.92,0.51,2.52,3.43,6.99,3.04,2.12,29.84,17.94,2.98,4.67,2.85,1.4
2011,Rochford,E07000075,Total,60425,70.84,15.19,38.98,0.38,1.95,2.69,6.19,3.04,2.42,29.16,17.73,3.06,4.56,2.31,1.5
2011,Tendring,E07000076,Total,97050,61.73,14.58,30.24,0.35,1.87,2.6,5.27,4.67,2.15,38.27,23.08,3.32,4.6,5.29,1.98
2011,Uttlesford,E07000077,Total,57086,74.4,14.55,40.09,0.53,3.02,3.93,7.25,2.67,2.35,25.6,13.46,4.15,4.87,1.76,1.35
2011,Broxbourne,E07000095,Total,67599,73.12,14.48,40.06,0.44,1.96,2.54,6.71,4.18,2.73,26.88,13.21,4.33,4.76,2.75,1.83
2011,Dacorum,E07000096,Total,104410,74.51,13.81,42.54,0.36,1.95,3.21,6.17,3.67,2.8,25.49,12.36,3.83,4.53,2.67,2.09
2011,East Hertfordshire,E07000242,Total,100093,75.36,14.06,43.75,0.4,2.38,3.28,6.25,2.85,2.4,24.64,12.47,4.4,4.4,2.06,1.3
2011,Hertsmere,E07000098,Total,71511,73.32,13.46,39.39,0.47,2.66,3.98,6.87,3.71,2.79,26.68,11.23,6.12,4.71,2.77,1.85
2011,North Hertfordshire,E07000099,Total,91510,74.93,13.97,43.87,0.42,1.97,3.13,5.45,3.44,2.68,25.07,13.28,3.75,4.33,2.38,1.34
2011,St Albans,E07000240,Total,99863,74.66,13.49,43.06,0.43,2.42,3.81,5.92,2.72,2.8,25.34,12.34,4.62,4.82,2.08,1.48
2011,Stevenage,E07000243,Total,60988,75.65,14.31,44.36,0.23,1.25,2.0,5.13,4.8,3.58,24.35,11.07,3.72,4.58,3.28,1.7
2011,Three Rivers,E07000102,Total,62440,74.12,13.49,41.16,0.53,2.74,3.87,6.53,3.18,2.62,25.88,12.77,4.53,4.66,2.27,1.65
2011,Watford,E07000103,Total,66285,76.59,12.73,45.98,0.31,1.58,2.81,5.69,4.06,3.42,23.41,9.44,4.61,4.57,2.68,2.09
2011,Welwyn Hatfield,E07000241,Total,81514,69.97,12.19,38.42,0.32,1.72,2.45,4.83,3.3,6.75,30.03,10.94,10.97,4.03,2.56,1.53
2011,Breckland,E07000143,Total,94176,69.05,14.62,38.6,0.34,1.81,2.61,5.33,3.51,2.24,30.95,17.99,3.01,4.23,3.49,2.23
2011,Broadland,E07000144,Total,90305,71.13,16.73,37.85,0.42,2.08,3.03,5.88,2.56,2.57,28.87,18.58,2.83,3.45,2.78,1.24
2011,Great Yarmouth,E07000145,Total,70234,65.52,16.28,32.43,0.31,1.67,2.04,4.3,6.06,2.43,34.48,18.34,3.6,4.9,5.33,2.31
2011,King's Lynn and West Norfolk,E07000146,Total,106591,67.27,14.58,36.54,0.4,2.11,2.55,5.23,3.66,2.2,32.73,19.6,3.09,4.32,4.07,1.65
2011,North Norfolk,E07000147,Total,72453,63.24,14.64,30.19,0.5,2.5,3.69,6.66,3.32,1.75,36.76,23.79,2.76,4.03,3.93,2.25
2011,Norwich,E07000148,Total,100702,68.29,13.42,37.24,0.22,1.1,1.97,3.89,5.02,5.43,31.71,10.69,9.55,4.35,4.92,2.2
2011,South Norfolk,E07000149,Total,89337,70.7,15.71,37.56,0.42,2.3,3.38,6.13,2.73,2.47,29.3,18.19,3.18,3.86,2.81,1.26
2011,Babergh,E07000200,Total,63075,70.31,15.19,37.15,0.48,2.22,3.58,6.44,2.98,2.27,29.69,18.18,3.38,4.23,2.53,1.37
2011,Forest Heath,E07000201,Total,44053,75.17,12.95,47.53,0.31,1.74,2.21,4.99,3.21,2.24,24.83,12.26,2.75,4.71,2.57,2.54
2011,Ipswich,E07000202,Total,97167,73.51,16.54,41.18,0.25,1.18,1.82,4.07,5.36,3.11,26.49,11.61,3.84,4.8,4.17,2.08
2011,Mid Suffolk,E07000203,Total,70073,72.22,15.67,38.55,0.46,2.34,3.63,6.57,2.55,2.46,27.78,17.4,2.9,3.97,2.24,1.27
2011,St Edmundsbury,E07000204,Total,80968,73.27,15.34,42.45,0.38,1.95,2.64,4.87,3.04,2.59,26.73,15.38,3.11,3.41,2.55,2.28
2011,Suffolk Coastal,E07000205,Total,88250,69.13,15.9,36.23,0.55,2.27,3.59,5.44,2.71,2.43,30.87,19.45,3.19,3.88,2.64,1.72
2011,Waveney,E07000206,Total,81877,65.29,16.44,32.71,0.38,1.71,2.45,4.58,4.55,2.47,34.71,20.26,3.12,4.58,4.58,2.17
2011,Camden,E09000007,Total,173833,68.11,7.9,38.52,0.46,2.49,3.76,6.69,4.46,3.83,31.89,6.85,13.08,4.53,4.41,3.02
2011,City of London,E09000001,Total,6307,78.83,5.71,51.45,0.51,4.46,3.38,8.09,2.96,2.28,21.17,9.2,5.76,2.43,1.84,1.95
2011,Hackney,E09000012,Total,187423,71.43,11.41,36.64,0.5,1.63,3.43,6.87,7.05,3.9,28.57,5.57,8.78,4.94,5.22,4.05
2011,Hammersmith and Fulham,E09000013,Total,145552,74.03,7.61,45.83,0.42,2.11,3.39,6.36,4.85,3.47,25.97,6.28,8.19,4.57,3.9,3.04
2011,Haringey,E09000014,Total,193062,71.58,11.19,36.5,0.51,1.99,4.28,7.1,6.08,3.92,28.42,6.94,8.26,4.97,4.38,3.88
2011,Islington,E09000019,Total,165149,71.14,8.23,42.3,0.33,1.94,2.93,6.23,5.43,3.76,28.86,6.18,9.97,4.0,5.27,3.44
2011,Kensington and Chelsea,E09000020,Total,126080,69.41,6.81,40.62,0.64,3.65,4.14,6.96,4.31,2.29,30.59,8.03,8.75,6.14,3.57,4.1
2011,Lambeth,E09000022,Total,237730,77.06,9.48,46.47,0.36,1.62,3.04,6.26,6.0,3.83,22.94,5.58,6.76,3.54,3.81,3.25
2011,Lewisham,E09000023,Total,206255,73.59,11.67,40.13,0.39,1.6,3.05,5.65,6.19,4.9,26.41,7.32,7.28,4.45,4.26,3.1
2011,Newham,E09000025,Total,228958,67.16,11.53,30.88,0.55,1.54,2.64,4.77,6.87,8.37,32.84,5.77,10.9,7.21,4.25,4.71
2011,Southwark,E09000028,Total,224551,72.97,9.9,42.16,0.34,1.56,2.69,5.38,6.0,4.94,27.03,5.76,9.91,3.76,4.3,3.3
2011,Tower Hamlets,E09000030,Total,196552,69.82,9.59,39.7,0.46,1.25,2.09,4.51,6.75,5.47,30.18,4.71,9.87,7.03,4.52,4.04
2011,Wandsworth,E09000032,Total,243533,77.93,7.79,50.9,0.36,2.15,3.24,6.38,3.82,3.29,22.07,6.22,5.99,4.28,2.89,2.69
2011,Westminster,E09000033,Total,175505,68.61,7.18,41.54,0.57,2.82,3.15,6.02,4.52,2.82,31.39,6.84,10.16,5.42,4.84,4.12
2011,Barking and Dagenham,E09000002,Total,127568,67.73,12.24,34.88,0.4,1.48,2.36,4.72,7.34,4.33,32.27,8.62,7.44,7.43,5.06,3.72
2011,Barnet,E09000003,Total,258443,71.38,11.79,36.05,0.65,3.03,4.58,7.32,4.44,3.51,28.62,8.89,8.17,5.52,3.05,2.99
2011,Bexley,E09000004,Total,165914,71.64,13.91,40.28,0.32,1.62,2.2,5.73,4.37,3.21,28.36,13.16,5.53,4.64,2.98,2.05
2011,Brent,E09000005,Total,233726,70.16,11.0,35.84,0.61,2.22,3.45,6.55,5.79,4.7,29.84,7.97,8.52,5.58,3.9,3.87
2011,Bromley,E09000006,Total,222539,72.47,13.04,41.12,0.43,2.18,3.16,6.17,3.9,2.47,27.53,13.33,4.78,4.77,2.72,1.93
2011,Croydon,E09000008,Total,263048,72.35,12.59,40.15,0.41,1.78,2.73,5.35,5.52,3.82,27.65,9.91,6.33,5.04,3.52,2.84
2011,Ealing,E09000009,Total,252764,71.46,10.24,39.75,0.47,1.92,3.49,6.45,5.21,3.94,28.54,8.27,7.43,5.76,3.61,3.48
2011,Enfield,E09000010,Total,224024,68.45,13.0,34.52,0.61,2.1,3.12,5.39,5.89,3.81,31.55,9.85,7.67,6.01,4.13,3.9
2011,Greenwich,E09000011,Total,186722,70.73,11.08,38.48,0.38,1.7,2.51,5.22,6.17,5.2,29.27,8.41,7.47,5.13,4.62,3.64
2011,Harrow,E09000015,Total,174751,70.56,12.26,37.48,0.56,2.56,3.27,6.26,4.49,3.67,29.44,10.41,7.68,5.48,2.92,2.95
2011,Havering,E09000016,Total,171128,71.08,13.72,39.73,0.39,1.81,2.39,5.92,4.46,2.67,28.92,14.26,4.64,4.89,3.16,1.96
2011,Hillingdon,E09000017,Total,199926,70.8,11.86,40.43,0.36,1.7,2.35,4.91,4.35,4.83,29.2,10.16,8.4,5.16,2.94,2.55
2011,Hounslow,E09000018,Total,190157,72.5,10.83,41.95,0.46,1.81,2.89,5.55,4.64,4.37,27.5,8.33,6.71,5.87,3.42,3.16
2011,Kingston upon Thames,E09000021,Total,119673,72.99,11.35,41.39,0.44,1.97,3.31,5.99,3.22,5.32,27.01,9.43,8.61,4.69,2.23,2.05
2011,Merton,E09000024,Total,149598,74.89,11.02,44.04,0.44,2.07,3.39,6.5,4.06,3.38,25.11,8.63,6.12,5.29,2.5,2.58
2011,Redbridge,E09000026,Total,199544,69.05,12.0,35.9,0.6,2.43,3.08,5.64,5.31,4.1,30.95,9.53,8.12,6.58,3.28,3.44
2011,Richmond upon Thames,E09000027,Total,137779,75.55,10.31,44.64,0.47,2.64,4.53,7.22,3.01,2.72,24.45,10.01,5.36,5.07,2.03,1.98
2011,Sutton,E09000029,Total,138710,74.97,13.34,43.34,0.43,1.9,2.87,6.2,3.91,2.98,25.03,11.15,4.65,4.5,2.81,1.92
2011,Waltham Forest,E09000031,Total,190978,70.7,11.46,36.33,0.54,1.77,3.41,6.69,6.1,4.4,29.3,8.03,7.96,5.98,3.75,3.57
2011,Bracknell Forest,E06000036,Total,83116,78.37,13.31,49.04,0.27,1.5,2.54,5.51,3.38,2.81,21.63,10.22,3.62,4.15,2.13,1.51
2011,Brighton and Hove,E06000043,Total,210792,71.56,13.04,36.05,0.42,1.99,3.79,6.73,3.71,5.84,28.44,9.31,9.76,3.44,4.18,1.75
2011,Isle of Wight,E06000046,Total,99747,64.38,15.77,30.43,0.48,2.12,3.3,5.69,4.4,2.2,35.62,20.53,3.67,3.94,4.52,2.96
2011,Medway,E06000035,Total,194158,71.05,13.98,40.13,0.28,1.41,1.9,5.1,4.88,3.38,28.95,12.74,5.11,5.2,3.78,2.12
2011,Milton Keynes,E06000042,Total,181385,75.93,13.04,46.31,0.3,1.43,2.17,4.77,4.76,3.14,24.07,10.28,3.94,4.6,3.2,2.05
2011,Portsmouth,E06000044,Total,153705,68.86,13.42,37.57,0.24,1.31,1.62,4.34,4.25,6.1,31.14,10.66,10.66,4.1,3.78,1.95
2011,Reading,E06000038,Total,116808,73.91,11.89,44.56,0.2,1.19,1.95,4.56,4.56,4.99,26.09,8.56,7.96,4.57,2.76,2.24
2011,Slough,E06000039,Total,100458,73.48,11.83,43.41,0.39,1.39,2.48,4.62,5.42,3.94,26.52,7.48,5.79,6.53,3.37,3.35
2011,Southampton,E06000045,Total,180201,68.36,12.68,37.78,0.25,1.12,1.65,4.17,4.23,6.47,31.64,9.86,11.57,4.13,4.07,2.0
2011,West Berkshire,E06000037,Total,112054,76.21,13.89,45.59,0.33,2.04,3.05,5.91,2.93,2.48,23.79,12.58,3.39,4.26,2.16,1.4
2011,Windsor and Maidenhead,E06000040,Total,104247,74.49,12.21,44.45,0.45,2.19,3.53,6.21,3.16,2.29,25.51,12.82,4.41,4.81,1.76,1.71
2011,Wokingham,E06000041,Total,112273,75.63,13.61,45.66,0.34,1.83,3.03,5.56,2.63,2.97,24.37,13.34,3.96,4.27,1.55,1.25
2011,Aylesbury Vale,E07000004,Total,126740,75.15,14.01,43.16,0.42,2.14,3.33,6.36,3.05,2.68,24.85,12.37,4.06,4.24,2.23,1.95
2011,Chiltern,E07000005,Total,65043,71.86,13.61,38.4,0.5,2.84,4.67,6.73,2.66,2.46,28.14,15.43,4.17,5.08,1.89,1.56
2011,South Bucks,E07000006,Total,47802,72.34,11.8,41.14,0.62,3.44,3.71,6.57,2.65,2.42,27.66,14.46,4.48,5.08,1.84,1.79
2011,Wycombe,E07000007,Total,124188,73.53,12.88,41.65,0.44,1.89,3.63,6.21,3.24,3.59,26.47,12.65,5.1,4.94,1.96,1.82
2011,Eastbourne,E07000061,Total,70473,68.01,14.75,35.05,0.35,1.64,2.69,5.6,4.08,3.85,31.99,16.79,5.15,3.75,4.53,1.77
2011,Hastings,E07000062,Total,66036,67.78,14.79,33.46,0.31,1.65,2.99,6.24,5.48,2.85,32.22,14.34,4.09,4.71,6.62,2.46
2011,Lewes,E07000063,Total,69269,69.58,15.34,34.35,0.45,2.22,4.18,7.04,3.35,2.66,30.42,17.59,3.67,3.86,3.53,1.76
2011,Rother,E07000064,Total,62861,63.41,13.82,29.43,0.58,2.52,4.19,7.54,3.21,2.13,36.59,22.53,3.8,4.34,4.06,1.87
2011,Wealden,E07000065,Total,105879,70.09,14.81,34.43,0.54,2.79,4.55,7.86,2.52,2.59,29.91,18.03,3.42,4.25,2.67,1.54
2011,Basingstoke and Deane,E07000084,Total,123243,76.92,13.39,47.91,0.26,1.53,2.54,5.23,3.24,2.8,23.08,12.55,2.71,3.99,2.43,1.39
2011,East Hampshire,E07000085,Total,83522,72.98,14.34,40.18,0.44,2.27,3.83,6.71,2.55,2.65,27.02,15.31,3.9,4.25,2.29,1.27
2011,Eastleigh,E07000086,Total,91582,75.38,15.89,43.79,0.32,1.66,2.49,5.22,3.02,2.98,24.62,14.11,3.14,3.56,2.57,1.24
2011,Fareham,E07000087,Total,81198,72.74,15.18,42.43,0.36,1.58,2.56,4.82,2.61,3.22,27.26,17.34,3.36,3.19,2.18,1.18
2011,Gosport,E07000088,Total,59499,72.24,14.44,43.38,0.19,1.1,1.94,4.26,4.24,2.69,27.76,14.54,3.63,4.34,3.6,1.66
2011,Hart,E07000089,Total,66087,75.47,13.85,45.3,0.36,1.95,3.23,5.8,2.38,2.6,24.53,14.26,3.29,4.4,1.35,1.24
2011,Havant,E07000090,Total,86247,69.11,15.17,37.48,0.3,1.66,2.31,5.31,3.99,2.88,30.89,17.27,3.42,4.43,4.16,1.62
2011,New Forest,E07000091,Total,124798,69.53,15.79,36.5,0.48,2.13,3.48,5.93,2.63,2.59,30.47,19.71,2.74,3.79,2.83,1.4
2011,Rushmoor,E07000092,Total,69652,77.74,13.44,49.38,0.23,1.23,1.89,4.62,3.72,3.22,22.26,9.78,3.79,3.99,2.68,2.03
2011,Test Valley,E07000093,Total,84652,73.41,14.73,42.81,0.35,2.02,3.05,5.29,2.52,2.63,26.59,15.46,3.35,4.04,2.42,1.33
2011,Winchester,E07000094,Total,84495,71.04,13.53,38.27,0.47,2.51,3.62,5.6,2.3,4.75,28.96,14.47,6.7,3.92,2.23,1.64
2011,Ashford,E07000105,Total,84252,72.63,14.64,39.43,0.36,2.11,3.08,6.31,3.63,3.05,27.37,14.41,3.29,4.88,3.12,1.67
2011,Canterbury,E07000106,Total,111867,63.76,12.75,31.23,0.34,1.78,2.61,4.9,3.05,7.08,36.24,15.04,12.47,3.61,3.32,1.79
2011,Dartford,E07000107,Total,70488,75.45,13.85,44.6,0.3,1.78,2.17,5.56,4.4,2.79,24.55,11.86,3.5,4.44,2.98,1.77
2011,Dover,E07000108,Total,80786,67.43,14.69,36.05,0.4,1.93,2.67,4.81,4.46,2.42,32.57,17.6,3.97,4.43,4.45,2.12
2011,Gravesham,E07000109,Total,73191,70.91,14.43,39.1,0.35,1.86,2.2,5.09,5.07,2.81,29.09,13.53,4.18,5.28,3.81,2.28
2011,Maidstone,E07000110,Total,113231,72.88,14.38,41.28,0.39,2.03,2.93,5.92,3.4,2.56,27.12,14.4,3.6,4.5,2.74,1.87
2011,Sevenoaks,E07000111,Total,82098,71.51,14.04,38.77,0.5,2.62,3.85,6.65,2.84,2.24,28.49,15.26,4.08,5.42,2.18,1.55
2011,Folkestone and Hythe,E07000112,Total,77938,67.22,14.31,35.14,0.4,1.85,2.54,5.48,4.59,2.92,32.78,17.7,3.68,4.47,4.86,2.07
2011,Swale,E07000113,Total,98607,68.87,14.04,38.14,0.34,1.82,2.28,5.39,4.6,2.25,31.13,15.11,3.71,5.18,4.44,2.68
2011,Thanet,E07000114,Total,94452,64.87,14.43,31.7,0.36,1.8,2.61,5.34,5.67,2.96,35.13,18.24,4.25,4.9,5.58,2.15
2011,Tonbridge and Malling,E07000115,Total,86435,72.93,14.68,41.26,0.38,2.0,3.09,5.84,2.98,2.7,27.07,14.5,3.96,4.71,2.46,1.44
2011,Tunbridge Wells,E07000116,Total,82052,73.11,13.73,40.37,0.48,2.53,3.95,6.62,2.95,2.49,26.89,12.65,4.76,5.11,2.68,1.7
2011,Cherwell,E07000177,Total,103269,75.69,14.59,45.34,0.34,1.79,2.78,5.42,2.84,2.59,24.31,12.29,3.45,3.82,2.46,2.29
2011,Oxford,E07000178,Total,118437,63.26,10.44,36.19,0.26,1.11,2.23,3.34,3.21,6.48,36.74,7.05,21.56,3.55,2.64,1.94
2011,South Oxfordshire,E07000179,Total,96892,75.16,14.03,43.32,0.45,2.42,3.96,6.22,2.52,2.24,24.84,13.9,3.49,3.97,1.87,1.62
2011,Vale of White Horse,E07000180,Total,87477,75.12,14.34,44.81,0.37,2.07,2.99,5.36,2.5,2.67,24.88,13.89,3.89,3.86,1.92,1.33
2011,West Oxfordshire,E07000181,Total,76163,76.82,14.3,45.43,0.43,2.38,3.52,6.08,2.27,2.41,23.18,13.68,3.02,3.41,1.83,1.24
2011,Elmbridge,E07000207,Total,92027,73.37,11.86,41.8,0.53,2.87,4.49,6.85,2.67,2.31,26.63,12.21,4.49,6.36,1.78,1.78
2011,Epsom and Ewell,E07000208,Total,54170,73.55,13.66,41.9,0.43,2.08,3.2,6.01,2.73,3.54,26.45,13.44,5.14,4.19,2.08,1.6
2011,Guildford,E07000209,Total,102054,72.17,12.18,41.1,0.39,2.07,3.36,5.47,2.69,4.9,27.83,11.32,8.51,4.43,1.89,1.69
2011,Mole Valley,E07000210,Total,60778,72.67,13.85,39.17,0.47,2.6,4.52,7.12,2.52,2.42,27.33,15.66,3.82,4.37,2.1,1.37
2011,Reigate and Banstead,E07000211,Total,99173,75.24,13.54,43.98,0.44,2.22,3.32,6.3,2.92,2.51,24.76,12.38,3.54,4.39,2.32,2.14
2011,Runnymede,E07000212,Total,59793,71.61,12.08,41.34,0.37,1.8,2.85,5.66,2.73,4.79,28.39,11.86,9.16,3.94,1.9,1.54
2011,Spelthorne,E07000213,Total,69916,75.47,13.27,46.45,0.33,1.59,2.73,5.38,3.26,2.47,24.53,13.29,3.23,3.9,2.27,1.85
2011,Surrey Heath,E07000214,Total,62565,75.15,13.59,44.19,0.39,2.13,3.33,5.91,2.77,2.85,24.85,13.49,3.49,4.36,1.69,1.82
2011,Tandridge,E07000215,Total,59457,73.49,13.53,40.71,0.56,2.66,3.96,7.06,2.77,2.23,26.51,14.11,4.34,4.3,2.2,1.57
2011,Waverley,E07000216,Total,85617,72.01,13.63,38.56,0.53,2.75,4.4,6.84,2.42,2.88,27.99,14.32,5.14,4.95,2.06,1.53
2011,Woking,E07000217,Total,71722,75.36,12.52,45.09,0.4,1.87,3.35,5.9,3.22,3.02,24.64,11.49,3.57,5.51,2.27,1.8
2011,Adur,E07000223,Total,43860,70.8,16.04,37.49,0.39,1.66,3.13,6.22,3.34,2.52,29.2,16.81,3.31,3.91,3.63,1.54
2011,Arun,E07000224,Total,106071,67.48,14.83,35.45,0.41,1.87,3.16,5.72,3.34,2.69,32.52,20.42,3.11,3.68,3.52,1.8
2011,Chichester,E07000225,Total,81037,69.23,14.05,34.36,0.48,2.75,4.34,6.95,2.8,3.49,30.77,18.23,4.43,4.19,2.4,1.52
2011,Crawley,E07000226,Total,77348,76.92,14.39,47.18,0.27,1.24,1.85,4.43,4.51,3.06,23.08,9.48,3.34,4.91,3.21,2.14
2011,Horsham,E07000227,Total,94318,73.41,14.76,40.32,0.45,2.26,3.91,6.33,2.71,2.67,26.59,15.48,3.49,4.19,2.15,1.28
2011,Mid Sussex,E07000228,Total,100252,74.84,15.13,42.2,0.4,2.09,3.63,6.31,2.43,2.64,25.16,14.17,3.56,4.03,2.04,1.36
2011,Worthing,E07000229,Total,74338,72.14,15.05,39.73,0.32,1.66,3.06,5.7,3.47,3.16,27.86,15.37,3.06,3.66,4.15,1.61
2011,Bath and North East Somerset,E06000022,Total,130550,68.75,14.41,35.52,0.4,1.92,3.18,5.45,2.72,5.14,31.25,13.71,10.12,3.29,2.77,1.37
2011,Bournemouth,E06000028,Total,137574,69.79,13.29,37.18,0.37,1.73,2.65,5.4,3.82,5.34,30.21,12.24,8.07,3.55,4.49,1.86
2011,"Bristol, City of",E06000023,Total,321506,70.64,13.37,39.76,0.28,1.35,2.27,4.52,4.3,4.79,29.36,9.81,9.0,3.91,4.35,2.3
2011,Cornwall,E06000052,Total,388858,66.73,15.37,31.68,0.51,2.63,3.61,6.88,3.26,2.78,33.27,18.93,4.3,3.99,4.37,1.68
2011,Isles of Scilly,E06000053,Total,1622,82.06,13.56,40.26,1.05,7.64,5.06,12.95,1.11,0.43,17.94,12.89,0.8,1.6,0.86,1.79
2011,North Somerset,E06000024,Total,145352,70.59,15.9,38.25,0.36,2.03,2.87,5.35,2.99,2.83,29.41,17.45,3.16,3.5,3.86,1.44
2011,Plymouth,E06000026,Total,191786,66.61,14.79,36.1,0.28,1.27,1.69,3.6,4.24,4.64,33.39,14.09,8.37,3.9,5.24,1.79
2011,Poole,E06000029,Total,106391,71.17,15.24,39.51,0.4,1.83,2.77,5.23,3.21,2.97,28.83,16.15,3.77,4.08,3.28,1.56
2011,South Gloucestershire,E06000025,Total,192468,74.4,16.34,42.86,0.3,1.63,2.16,4.82,2.78,3.51,25.6,14.23,4.1,3.24,2.53,1.5
2011,Swindon,E06000030,Total,154080,75.96,14.37,46.67,0.21,1.32,1.88,4.42,4.23,2.86,24.04,11.6,3.18,4.09,3.42,1.76
2011,Torbay,E06000027,Total,94000,65.74,15.73,31.42,0.45,2.13,2.85,6.0,4.55,2.61,34.26,19.59,3.23,3.86,5.8,1.79
2011,Wiltshire,E06000054,Total,339595,73.85,14.96,42.17,0.37,2.05,3.13,5.66,2.94,2.55,26.15,14.69,3.27,3.99,2.68,1.51
2011,East Devon,E07000040,Total,92782,67.31,15.99,32.54,0.55,2.83,3.9,6.78,2.45,2.27,32.69,22.36,2.93,3.27,2.82,1.3
2011,Exeter,E07000041,Total,89544,67.98,14.91,36.87,0.24,1.31,2.1,3.91,3.06,5.58,32.02,11.14,12.82,2.94,3.49,1.62
2011,Mid Devon,E07000042,Total,55847,72.01,15.74,36.1,0.52,2.84,3.89,8.08,2.71,2.13,27.99,16.46,3.18,3.71,3.11,1.52
2011,North Devon,E07000043,Total,67507,69.8,16.36,33.34,0.54,2.79,3.57,7.67,3.04,2.5,30.2,18.16,3.0,3.83,3.67,1.55
2011,South Hams,E07000044,Total,60617,68.69,15.14,31.31,0.66,3.25,5.27,8.26,2.35,2.44,31.31,20.2,3.26,3.25,3.08,1.52
2011,Teignbridge,E07000045,Total,89471,69.12,15.98,34.63,0.51,2.54,3.64,6.52,2.77,2.53,30.88,19.01,3.01,3.29,3.56,2.01
2011,Torridge,E07000046,Total,46510,66.99,15.59,29.99,0.56,3.13,3.99,8.43,3.41,1.89,33.01,20.48,3.07,3.86,4.04,1.55
2011,West Devon,E07000047,Total,38941,68.16,15.2,31.1,0.59,3.05,4.47,8.45,3.07,2.24,31.84,19.59,3.27,3.44,3.42,2.12
2011,Christchurch,E07000048,Total,32645,65.61,15.63,33.04,0.47,2.02,3.28,5.69,3.08,2.4,34.39,22.94,3.27,3.55,3.23,1.39
2011,East Dorset,E07000049,Total,61047,68.1,15.83,34.89,0.48,2.23,3.55,6.27,2.14,2.73,31.9,22.11,2.65,3.67,2.22,1.25
2011,North Dorset,E07000050,Total,49140,70.98,14.62,38.06,0.49,2.41,3.74,7.05,2.65,1.96,29.02,17.04,3.86,3.7,2.65,1.78
2011,Purbeck,E07000051,Total,32379,69.18,16.13,35.73,0.53,2.32,3.4,5.95,2.78,2.34,30.82,20.05,2.81,3.49,2.94,1.53
2011,West Dorset,E07000052,Total,70359,67.6,15.52,32.89,0.55,2.73,4.31,6.97,2.3,2.33,32.4,21.2,3.36,3.43,2.93,1.47
2011,Weymouth and Portland,E07000053,Total,47871,67.06,17.08,34.38,0.33,1.81,2.34,4.75,3.87,2.51,32.94,18.16,3.1,3.75,4.92,3.01
2011,Cheltenham,E07000078,Total,86090,72.9,13.37,41.92,0.32,1.62,2.72,4.91,3.34,4.7,27.1,12.68,6.27,3.54,3.0,1.6
2011,Cotswold,E07000079,Total,60075,71.92,14.49,36.51,0.58,3.21,4.63,7.68,2.48,2.35,28.08,16.25,4.44,3.86,2.15,1.38
2011,Forest of Dean,E07000080,Total,60341,68.76,14.93,35.39,0.4,2.32,3.23,6.43,3.45,2.61,31.24,17.73,4.38,3.86,3.72,1.56
2011,Gloucester,E07000081,Total,88942,73.91,16.08,43.22,0.24,1.23,1.63,3.91,4.26,3.33,26.09,12.06,4.17,3.96,3.95,1.95
2011,Stroud,E07000082,Total,81955,73.19,15.74,38.94,0.45,2.34,4.0,6.36,2.81,2.54,26.81,15.63,3.57,3.5,2.78,1.34
2011,Tewkesbury,E07000083,Total,59685,72.81,15.09,41.69,0.38,2.08,3.02,5.33,2.82,2.39,27.19,16.85,2.97,3.61,2.37,1.39
2011,Mendip,E07000187,Total,78653,71.79,16.18,35.92,0.5,2.49,4.16,7.08,2.92,2.53,28.21,15.32,4.24,3.73,3.3,1.63
2011,Sedgemoor,E07000188,Total,82903,69.92,15.8,36.32,0.38,2.23,2.95,5.96,3.58,2.71,30.08,17.03,3.37,4.05,3.98,1.65
2011,South Somerset,E07000189,Total,115790,71.15,15.81,38.56,0.37,2.12,3.13,6.08,2.74,2.35,28.85,17.92,2.95,3.56,3.06,1.36
2011,Taunton Deane,E07000190,Total,78921,72.01,16.31,39.26,0.37,1.96,2.83,5.52,2.82,2.95,27.99,15.58,3.96,3.39,3.6,1.47
2011,West Somerset,E07000191,Total,24918,64.68,14.55,29.26,0.56,2.98,4.51,8.29,2.76,1.79,35.32,23.13,3.03,3.39,4.2,1.57
2011,Isle of Anglesey,W06000001,Total,50818,64.98,13.67,33.99,0.49,2.23,2.28,5.24,4.69,2.4,35.02,19.97,4.46,3.72,5.1,1.76
2011,Gwynedd,W06000002,Total,88913,65.23,13.83,31.3,0.42,2.77,2.62,6.48,3.57,4.22,34.77,16.38,8.79,3.44,4.35,1.82
2011,Conwy,W06000003,Total,81906,65.68,15.14,32.59,0.42,2.54,2.38,5.83,4.1,2.68,34.32,19.75,4.22,3.28,5.33,1.75
2011,Denbighshire,W06000004,Total,67676,65.62,14.33,34.16,0.39,2.34,2.24,5.32,4.22,2.61,34.38,18.45,4.79,3.42,6.04,1.68
2011,Flintshire,W06000005,Total,112325,70.29,15.02,40.76,0.33,1.64,1.83,4.11,3.86,2.75,29.71,16.77,3.77,3.43,4.3,1.43
2011,Wrexham,W06000006,Total,98691,69.32,14.76,39.53,0.32,1.76,1.71,3.85,4.18,3.2,30.68,15.18,4.47,3.85,5.34,1.84
2011,Powys,W06000023,Total,96069,69.58,14.53,32.49,0.5,3.24,3.54,10.11,3.05,2.13,30.42,17.99,3.68,3.16,4.09,1.5
2011,Ceredigion,W06000008,Total,57405,61.08,11.52,26.41,0.38,2.76,3.09,8.15,2.56,6.21,38.92,16.64,13.65,2.8,4.39,1.44
2011,Pembrokeshire,W06000009,Total,88049,66.01,15.34,30.93,0.51,3.04,3.01,6.91,4.04,2.23,33.99,18.75,3.76,4.28,5.33,1.88
2011,Carmarthenshire,W06000010,Total,132930,64.86,13.9,33.73,0.37,2.22,2.22,6.2,3.73,2.48,35.14,18.13,4.51,3.77,6.81,1.93
2011,Swansea,W06000011,Total,176971,62.98,14.21,33.68,0.32,1.53,1.61,3.13,3.86,4.64,37.02,15.64,8.67,3.71,6.86,2.13
2011,Neath Port Talbot,W06000012,Total,102986,62.25,13.92,35.9,0.26,1.22,1.33,2.93,4.5,2.19,37.75,17.32,4.27,4.32,9.55,2.29
2011,Bridgend,W06000013,Total,102805,64.64,14.23,37.03,0.26,1.45,1.51,3.32,4.56,2.27,35.36,16.73,4.11,3.88,7.68,2.96
2011,Vale of Glamorgan,W06000014,Total,91816,69.03,14.87,38.07,0.41,2.22,2.29,4.37,4.31,2.49,30.97,16.24,4.61,3.66,4.81,1.64
2011,Cardiff,W06000015,Total,260268,67.14,12.47,37.33,0.29,1.5,1.78,3.47,4.44,5.85,32.86,10.4,10.91,4.0,5.18,2.38
2011,Rhondda Cynon Taff,W06000016,Total,172047,63.2,13.41,35.59,0.23,1.41,1.27,3.5,4.71,3.08,36.8,16.04,5.76,4.07,8.63,2.29
2011,Merthyr Tydfil,W06000024,Total,43377,64.17,13.63,36.61,0.26,1.36,1.15,2.96,5.72,2.46,35.83,15.42,4.79,3.87,9.47,2.28
2011,Caerphilly,W06000018,Total,130950,64.86,13.21,38.3,0.26,1.41,1.27,3.1,5.14,2.17,35.14,16.06,4.48,4.31,8.19,2.09
2011,Blaenau Gwent,W06000019,Total,51809,62.05,13.05,35.03,0.25,1.13,1.01,2.64,6.87,2.07,37.95,16.81,4.33,4.46,9.64,2.71
2011,Torfaen,W06000020,Total,66107,66.29,14.42,38.69,0.27,1.29,1.2,3.07,4.78,2.56,33.71,16.81,4.03,4.38,6.67,1.82
2011,Monmouthshire,W06000021,Total,66107,68.48,14.15,36.68,0.44,2.49,3.03,6.07,3.35,2.27,31.52,17.61,4.29,3.67,4.0,1.94
2011,Newport,W06000022,Total,105141,67.54,14.77,37.26,0.3,1.52,1.54,3.2,5.34,3.61,32.46,14.64,5.32,4.42,5.74,2.35
