date,geography,geography code,Rural Urban,Religion: All categories: Religion; measures: Value,Religion: Has religion; measures: Value,Religion: Christian; measures: Value,Religion: Buddhist; measures: Value,Religion: Hindu; measures: Value,Religion: Jewish; measures: Value,Religion: Muslim; measures: Value,Religion: Sikh; measures: Value,Religion: Other religion; measures: Value,Religion: No religion; measures: Value,Religion: Religion not stated; measures: Value
2011,Darlington,E06000005,Total,105564,69.56,67.37,0.29,0.3,0.04,0.92,0.34,0.29,24.08,6.36
2011,County Durham,E06000047,Total,513242,73.18,72.04,0.2,0.12,0.04,0.38,0.12,0.3,20.9,5.92
2011,Hartlepool,E06000001,Total,92028,71.33,69.92,0.17,0.18,0.01,0.75,0.11,0.19,22.28,6.39
2011,Middlesbrough,E06000002,Total,138412,71.59,63.23,0.27,0.43,0.03,7.05,0.41,0.18,22.25,6.16
2011,Northumberland,E06000057,Total,316028,69.69,68.56,0.18,0.11,0.05,0.32,0.16,0.31,23.93,6.38
2011,Redcar and Cleveland,E06000003,Total,135177,71.31,70.36,0.14,0.05,0.02,0.44,0.03,0.27,22.23,6.45
2011,Stockton-on-Tees,E06000004,Total,191610,71.52,68.22,0.2,0.35,0.05,2.16,0.33,0.2,22.39,6.09
2011,Gateshead,E08000037,Total,200214,70.41,66.97,0.21,0.25,1.5,1.05,0.18,0.26,23.85,5.73
2011,Newcastle upon Tyne,E08000021,Total,280177,65.38,56.44,0.61,1.12,0.24,6.27,0.44,0.27,28.32,6.3
2011,North Tyneside,E08000022,Total,200801,65.54,63.84,0.22,0.26,0.05,0.74,0.18,0.26,28.09,6.37
2011,South Tyneside,E08000023,Total,148127,73.09,70.27,0.15,0.17,0.04,1.93,0.29,0.24,21.09,5.82
2011,Sunderland,E08000024,Total,275506,72.54,70.29,0.2,0.22,0.03,1.32,0.3,0.19,21.91,5.55
2011,Blackburn with Darwen,E06000008,Total,147489,80.55,52.61,0.21,0.39,0.04,27.0,0.11,0.2,13.81,5.63
2011,Blackpool,E06000009,Total,142065,69.09,67.17,0.32,0.24,0.18,0.75,0.04,0.4,24.51,6.4
2011,Cheshire East,E06000049,Total,370127,70.65,68.88,0.24,0.36,0.16,0.66,0.08,0.29,22.69,6.66
2011,Cheshire West and Chester,E06000050,Total,329608,71.46,70.12,0.24,0.2,0.08,0.51,0.06,0.26,22.04,6.5
2011,Halton,E06000006,Total,125746,75.86,75.0,0.17,0.15,0.03,0.21,0.04,0.24,18.72,5.42
2011,Warrington,E06000007,Total,202228,73.73,71.41,0.23,0.55,0.07,1.04,0.18,0.25,20.42,5.85
2011,Allerdale,E07000026,Total,96422,76.11,75.41,0.19,0.04,0.02,0.2,0.01,0.24,17.3,6.59
2011,Barrow-in-Furness,E07000027,Total,69087,71.56,70.68,0.22,0.15,0.02,0.25,0.01,0.24,22.08,6.36
2011,Carlisle,E07000028,Total,107524,70.3,69.1,0.26,0.22,0.02,0.42,0.03,0.26,22.9,6.79
2011,Copeland,E07000029,Total,70603,79.76,78.87,0.21,0.11,0.02,0.32,0.01,0.21,14.37,5.87
2011,Eden,E07000030,Total,52564,71.62,70.7,0.25,0.08,0.06,0.22,0.01,0.3,20.7,7.68
2011,South Lakeland,E07000031,Total,103658,69.2,68.05,0.45,0.05,0.1,0.17,0.01,0.37,23.07,7.73
2011,Bolton,E08000001,Total,276786,77.16,62.72,0.21,2.16,0.06,11.7,0.04,0.26,17.19,5.65
2011,Bury,E08000002,Total,185060,75.44,62.7,0.24,0.44,5.57,6.09,0.16,0.23,18.58,5.98
2011,Manchester,E08000003,Total,503127,67.75,48.74,0.77,1.08,0.52,15.8,0.46,0.38,25.34,6.91
2011,Oldham,E08000004,Total,224897,78.36,59.66,0.16,0.55,0.05,17.73,0.03,0.18,16.08,5.56
2011,Rochdale,E08000005,Total,211699,75.28,60.55,0.19,0.3,0.1,13.9,0.03,0.2,18.9,5.82
2011,Salford,E08000006,Total,233933,71.55,64.17,0.44,0.64,3.29,2.58,0.14,0.3,22.27,6.17
2011,Stockport,E08000007,Total,283275,68.36,63.21,0.3,0.59,0.47,3.33,0.12,0.34,25.11,6.53
2011,Tameside,E08000008,Total,219324,70.49,63.98,0.23,1.47,0.04,4.42,0.05,0.3,23.56,5.95
2011,Trafford,E08000009,Total,226578,72.51,63.39,0.34,1.0,1.06,5.73,0.73,0.25,21.17,6.31
2011,Wigan,E08000010,Total,317849,79.15,77.78,0.22,0.21,0.02,0.68,0.02,0.22,15.3,5.54
2011,Burnley,E07000117,Total,87059,74.24,63.63,0.22,0.2,0.02,9.86,0.04,0.27,19.73,6.03
2011,Chorley,E07000118,Total,107155,77.21,75.34,0.26,0.18,0.04,1.05,0.02,0.31,17.19,5.6
2011,Fylde,E07000119,Total,75757,75.44,73.71,0.26,0.23,0.43,0.46,0.05,0.3,18.31,6.25
2011,Hyndburn,E07000120,Total,80734,77.37,66.39,0.2,0.09,0.01,10.33,0.05,0.31,16.97,5.66
2011,Lancaster,E07000121,Total,138375,68.48,65.85,0.39,0.32,0.09,1.28,0.07,0.48,24.45,7.07
2011,Pendle,E07000122,Total,89452,71.9,53.71,0.25,0.1,0.04,17.42,0.01,0.37,21.88,6.22
2011,Preston,E07000123,Total,140202,75.91,61.0,0.27,2.38,0.04,11.25,0.66,0.31,18.37,5.72
2011,Ribble Valley,E07000124,Total,57132,79.52,78.11,0.15,0.17,0.02,0.74,0.07,0.24,14.53,5.96
2011,Rossendale,E07000125,Total,67982,68.5,63.83,0.24,0.14,0.1,3.84,0.01,0.34,25.15,6.35
2011,South Ribble,E07000126,Total,109057,77.31,75.69,0.19,0.51,0.04,0.54,0.07,0.26,16.95,5.74
2011,West Lancashire,E07000127,Total,110685,77.11,76.2,0.13,0.21,0.06,0.25,0.08,0.2,17.19,5.7
2011,Wyre,E07000128,Total,107749,75.61,74.57,0.2,0.15,0.06,0.28,0.02,0.32,17.83,6.56
2011,Knowsley,E08000011,Total,145893,81.65,80.88,0.11,0.18,0.04,0.3,0.03,0.11,12.64,5.71
2011,Liverpool,E08000012,Total,466415,76.05,71.01,0.43,0.52,0.46,3.26,0.11,0.24,17.73,6.22
2011,Sefton,E08000014,Total,273790,78.0,76.77,0.18,0.19,0.18,0.43,0.04,0.21,15.78,6.22
2011,St. Helens,E08000013,Total,175308,79.86,78.82,0.18,0.24,0.03,0.35,0.03,0.23,14.63,5.5
2011,Wirral,E08000015,Total,319783,71.9,70.41,0.28,0.23,0.08,0.57,0.07,0.26,21.33,6.77
2011,East Riding of Yorkshire,E06000011,Total,334179,69.22,68.03,0.21,0.18,0.1,0.39,0.05,0.26,23.43,7.35
2011,"Kingston upon Hull, City of",E06000010,Total,256406,57.98,54.89,0.3,0.17,0.07,2.12,0.11,0.31,34.84,7.18
2011,North East Lincolnshire,E06000012,Total,159616,62.43,60.67,0.22,0.24,0.04,0.83,0.1,0.33,30.37,7.19
2011,North Lincolnshire,E06000013,Total,167446,68.92,66.02,0.23,0.27,0.03,1.81,0.32,0.25,23.99,7.08
2011,York,E06000014,Total,198051,62.11,59.51,0.51,0.5,0.1,1.05,0.07,0.38,30.12,7.77
2011,Craven,E07000163,Total,55409,69.02,67.32,0.24,0.12,0.03,0.91,0.06,0.34,23.34,7.64
2011,Hambleton,E07000164,Total,89140,73.4,72.57,0.15,0.1,0.05,0.26,0.01,0.25,19.8,6.8
2011,Harrogate,E07000165,Total,157869,69.97,68.59,0.26,0.15,0.21,0.36,0.05,0.34,22.95,7.08
2011,Richmondshire,E07000166,Total,51965,71.71,69.39,0.72,0.99,0.05,0.25,0.01,0.3,21.4,6.89
2011,Ryedale,E07000167,Total,51751,72.61,71.83,0.24,0.04,0.03,0.11,0.01,0.35,20.01,7.39
2011,Scarborough,E07000168,Total,108793,68.05,66.68,0.27,0.15,0.06,0.51,0.01,0.37,24.51,7.44
2011,Selby,E07000169,Total,83449,71.68,70.92,0.16,0.1,0.07,0.11,0.06,0.25,21.65,6.67
2011,Barnsley,E08000016,Total,231221,69.49,68.46,0.15,0.1,0.02,0.41,0.09,0.27,24.02,6.49
2011,Doncaster,E08000017,Total,302402,68.79,65.91,0.23,0.29,0.03,1.65,0.38,0.31,24.36,6.85
2011,Rotherham,E08000018,Total,257280,70.92,66.49,0.16,0.17,0.02,3.74,0.11,0.23,22.46,6.62
2011,Sheffield,E08000019,Total,552698,61.99,52.52,0.41,0.65,0.14,7.74,0.17,0.35,31.21,6.8
2011,Bradford,E08000032,Total,522452,73.09,45.91,0.19,0.93,0.06,24.7,0.98,0.32,20.68,6.23
2011,Calderdale,E08000033,Total,203826,64.76,56.26,0.29,0.3,0.08,7.26,0.17,0.4,28.06,7.18
2011,Kirklees,E08000034,Total,422458,69.65,53.44,0.2,0.37,0.04,14.51,0.79,0.31,23.87,6.48
2011,Leeds,E08000035,Total,751485,65.01,55.86,0.37,0.94,0.91,5.43,1.19,0.32,28.24,6.75
2011,Wakefield,E08000036,Total,325837,69.23,66.36,0.18,0.26,0.04,1.99,0.12,0.3,24.4,6.37
2011,Derby,E06000015,Total,248752,65.58,52.71,0.33,0.88,0.04,7.64,3.57,0.4,27.61,6.81
2011,Leicester,E06000016,Total,329839,71.61,32.4,0.37,15.19,0.09,18.63,4.38,0.56,22.82,5.56
2011,Nottingham,E06000018,Total,305680,57.43,44.23,0.67,1.47,0.35,8.81,1.41,0.49,34.99,7.58
2011,Rutland,E06000017,Total,37369,69.63,68.19,0.27,0.2,0.14,0.35,0.08,0.4,23.36,7.01
2011,Amber Valley,E07000032,Total,122309,62.35,61.18,0.21,0.13,0.06,0.15,0.14,0.48,30.32,7.33
2011,Bolsover,E07000033,Total,75866,66.15,65.18,0.15,0.11,0.04,0.19,0.14,0.34,27.03,6.82
2011,Chesterfield,E07000034,Total,103788,65.43,63.76,0.21,0.25,0.03,0.67,0.15,0.36,27.21,7.36
2011,Derbyshire Dales,E07000035,Total,71116,69.67,68.72,0.23,0.05,0.08,0.2,0.05,0.34,23.17,7.16
2011,Erewash,E07000036,Total,112081,59.25,57.8,0.19,0.37,0.04,0.23,0.25,0.37,33.9,6.85
2011,High Peak,E07000037,Total,90892,65.21,64.1,0.33,0.08,0.04,0.2,0.04,0.43,27.57,7.22
2011,North East Derbyshire,E07000038,Total,99023,68.4,67.43,0.12,0.09,0.05,0.27,0.13,0.31,24.71,6.89
2011,South Derbyshire,E07000039,Total,94611,66.65,63.97,0.17,0.28,0.05,0.35,1.48,0.35,26.78,6.58
2011,Blaby,E07000129,Total,93915,64.2,58.13,0.19,2.72,0.06,0.78,1.97,0.36,29.14,6.66
2011,Charnwood,E07000130,Total,166100,64.45,55.53,0.34,5.02,0.08,2.36,0.75,0.37,29.21,6.34
2011,Harborough,E07000131,Total,85382,68.54,65.47,0.2,1.27,0.13,0.5,0.74,0.23,24.59,6.87
2011,Hinckley and Bosworth,E07000132,Total,105078,66.63,64.29,0.2,0.83,0.04,0.49,0.41,0.36,26.88,6.49
2011,Melton,E07000133,Total,50376,69.14,67.97,0.22,0.42,0.02,0.08,0.09,0.34,24.35,6.51
2011,North West Leicestershire,E07000134,Total,93468,66.24,64.88,0.19,0.36,0.04,0.22,0.13,0.42,27.51,6.25
2011,Oadby and Wigston,E07000135,Total,56170,70.81,48.42,0.24,9.1,0.24,5.8,6.52,0.49,23.16,6.03
2011,Boston,E07000136,Total,64637,72.66,71.08,0.19,0.3,0.05,0.67,0.07,0.3,20.33,7.01
2011,East Lindsey,E07000137,Total,136401,69.73,68.69,0.17,0.09,0.06,0.27,0.04,0.41,22.87,7.4
2011,Lincoln,E07000138,Total,93541,60.31,58.01,0.32,0.36,0.07,0.96,0.08,0.51,32.56,7.13
2011,North Kesteven,E07000139,Total,107766,71.03,70.05,0.14,0.16,0.06,0.23,0.05,0.34,21.88,7.08
2011,South Holland,E07000140,Total,88270,73.34,72.35,0.13,0.11,0.08,0.29,0.08,0.29,19.42,7.24
2011,South Kesteven,E07000141,Total,133788,70.88,69.66,0.21,0.29,0.08,0.27,0.06,0.32,22.17,6.95
2011,West Lindsey,E07000142,Total,89250,71.36,70.3,0.16,0.19,0.03,0.24,0.1,0.34,21.78,6.86
2011,Corby,E07000150,Total,61255,60.61,58.95,0.21,0.31,0.07,0.62,0.2,0.24,33.26,6.12
2011,Daventry,E07000151,Total,77843,66.63,64.68,0.37,0.38,0.09,0.56,0.2,0.35,26.59,6.78
2011,East Northamptonshire,E07000152,Total,86765,62.74,61.3,0.21,0.32,0.1,0.27,0.13,0.42,30.37,6.88
2011,Kettering,E07000153,Total,93475,62.48,59.05,0.28,0.81,0.07,0.77,1.05,0.45,30.78,6.75
2011,Northampton,E07000154,Total,212069,63.86,56.56,0.44,1.6,0.13,4.15,0.5,0.49,29.43,6.71
2011,South Northamptonshire,E07000155,Total,85189,67.34,65.76,0.21,0.42,0.12,0.34,0.21,0.29,25.54,7.12
2011,Wellingborough,E07000156,Total,75356,64.06,57.69,0.29,3.64,0.06,1.63,0.21,0.53,29.22,6.73
2011,Ashfield,E07000170,Total,119497,59.35,58.16,0.18,0.18,0.01,0.31,0.15,0.36,33.82,6.83
2011,Bassetlaw,E07000171,Total,112863,72.3,70.82,0.17,0.22,0.04,0.62,0.11,0.32,20.87,6.83
2011,Broxtowe,E07000172,Total,109487,60.6,56.6,0.38,0.77,0.13,1.49,0.84,0.38,32.17,7.24
2011,Gedling,E07000173,Total,113543,60.24,57.1,0.27,0.47,0.08,1.35,0.64,0.34,32.7,7.06
2011,Mansfield,E07000174,Total,104466,63.14,61.65,0.18,0.26,0.03,0.54,0.16,0.32,30.13,6.74
2011,Newark and Sherwood,E07000175,Total,114817,67.32,66.08,0.2,0.17,0.05,0.4,0.11,0.32,25.64,7.04
2011,Rushcliffe,E07000176,Total,111129,63.27,58.93,0.29,1.06,0.29,1.53,0.81,0.36,29.62,7.11
2011,"Herefordshire, County of",E06000019,Total,183477,69.03,67.8,0.31,0.12,0.07,0.2,0.04,0.49,22.76,8.2
2011,Shropshire,E06000051,Total,306129,69.88,68.69,0.26,0.12,0.04,0.32,0.08,0.36,22.78,7.34
2011,Stoke-on-Trent,E06000021,Total,249008,68.4,60.89,0.31,0.56,0.03,6.02,0.23,0.37,25.19,6.4
2011,Telford and Wrekin,E06000020,Total,166641,66.05,61.74,0.24,0.52,0.05,1.81,1.27,0.42,27.36,6.58
2011,Cannock Chase,E07000192,Total,97462,70.25,69.15,0.17,0.13,0.01,0.22,0.28,0.29,23.67,6.08
2011,East Staffordshire,E07000193,Total,113583,71.36,64.17,0.25,0.28,0.04,6.0,0.3,0.32,22.04,6.6
2011,Lichfield,E07000194,Total,100654,70.68,68.83,0.19,0.3,0.07,0.45,0.54,0.31,22.96,6.36
2011,Newcastle-under-Lyme,E07000195,Total,123871,68.15,65.68,0.37,0.42,0.06,1.12,0.17,0.33,25.13,6.73
2011,South Staffordshire,E07000196,Total,108131,75.47,73.34,0.17,0.38,0.01,0.34,0.95,0.27,18.4,6.13
2011,Stafford,E07000197,Total,130869,70.56,67.85,0.35,0.65,0.05,0.88,0.38,0.41,22.82,6.61
2011,Staffordshire Moorlands,E07000198,Total,97106,73.64,72.82,0.15,0.07,0.02,0.2,0.05,0.33,19.58,6.77
2011,Tamworth,E07000199,Total,76813,64.55,63.31,0.17,0.22,0.01,0.31,0.2,0.34,29.34,6.1
2011,North Warwickshire,E07000218,Total,62014,71.64,70.29,0.15,0.24,0.02,0.18,0.39,0.37,21.91,6.45
2011,Nuneaton and Bedworth,E07000219,Total,125252,69.9,63.57,0.34,1.1,0.01,2.31,2.19,0.38,24.05,6.05
2011,Rugby,E07000220,Total,100075,68.89,63.74,0.37,2.29,0.06,1.24,0.84,0.35,24.26,6.85
2011,Stratford-on-Avon,E07000221,Total,120485,71.68,70.3,0.27,0.21,0.12,0.23,0.2,0.35,21.21,7.11
2011,Warwick,E07000222,Total,137648,65.25,58.25,0.38,1.19,0.19,0.94,3.9,0.39,27.5,7.25
2011,Birmingham,E08000025,Total,1073045,74.19,46.07,0.45,2.08,0.21,21.85,3.02,0.53,19.27,6.53
2011,Coventry,E08000026,Total,316960,70.59,53.66,0.34,3.52,0.07,7.47,5.02,0.52,23.0,6.41
2011,Dudley,E08000027,Total,312925,71.77,65.29,0.21,0.61,0.02,4.12,1.18,0.33,22.0,6.23
2011,Sandwell,E08000028,Total,308063,75.18,55.21,0.21,2.21,0.02,8.2,8.74,0.59,18.74,6.08
2011,Solihull,E08000029,Total,206674,72.27,65.6,0.21,1.78,0.17,2.54,1.7,0.28,21.38,6.35
2011,Walsall,E08000030,Total,269323,73.99,59.03,0.19,1.69,0.02,8.22,4.31,0.53,20.0,6.01
2011,Wolverhampton,E08000031,Total,249470,73.59,55.48,0.41,3.72,0.04,3.63,9.09,1.23,19.97,6.43
2011,Bromsgrove,E07000234,Total,93637,71.03,68.89,0.2,0.34,0.1,0.54,0.65,0.3,22.05,6.93
2011,Malvern Hills,E07000235,Total,74631,68.89,67.53,0.25,0.15,0.08,0.26,0.1,0.51,23.86,7.26
2011,Redditch,E07000236,Total,84214,67.96,63.45,0.18,0.24,0.06,3.41,0.27,0.34,25.78,6.26
2011,Worcester,E07000237,Total,98768,67.66,63.7,0.31,0.25,0.03,2.88,0.14,0.35,25.74,6.6
2011,Wychavon,E07000238,Total,116944,72.86,71.6,0.2,0.12,0.07,0.32,0.19,0.37,20.25,6.89
2011,Wyre Forest,E07000239,Total,97975,70.19,68.65,0.2,0.11,0.04,0.7,0.14,0.35,23.07,6.75
2011,Bedford,E06000055,Total,157479,69.79,59.28,0.32,1.54,0.11,5.47,2.12,0.96,23.64,6.57
2011,Central Bedfordshire,E06000056,Total,254381,64.76,62.2,0.31,0.66,0.2,0.76,0.29,0.35,28.44,6.79
2011,Luton,E06000032,Total,203201,77.38,47.38,0.32,3.32,0.16,24.6,1.16,0.44,16.53,6.09
2011,Peterborough,E06000031,Total,183631,68.7,56.75,0.25,1.26,0.08,9.39,0.64,0.32,24.61,6.69
2011,Southend-on-Sea,E06000033,Total,173658,60.6,55.72,0.46,0.67,1.24,1.91,0.09,0.52,31.6,7.8
2011,Thurrock,E06000034,Total,157705,67.69,63.34,0.39,0.75,0.14,2.01,0.78,0.29,26.04,6.27
2011,Cambridge,E07000008,Total,123867,53.14,44.82,1.27,1.66,0.7,3.95,0.17,0.57,37.81,9.04
2011,East Cambridgeshire,E07000009,Total,83818,63.97,62.33,0.34,0.18,0.15,0.44,0.14,0.4,28.11,7.91
2011,Fenland,E07000010,Total,95262,67.79,66.39,0.19,0.2,0.11,0.41,0.12,0.36,25.03,7.18
2011,Huntingdonshire,E07000011,Total,169508,63.25,60.81,0.31,0.37,0.11,1.1,0.16,0.4,29.51,7.24
2011,South Cambridgeshire,E07000012,Total,148755,61.76,58.8,0.47,0.75,0.24,0.98,0.13,0.38,30.08,8.17
2011,Basildon,E07000066,Total,174497,62.87,60.26,0.3,0.71,0.24,0.93,0.08,0.33,30.33,6.81
2011,Braintree,E07000067,Total,147084,62.87,61.27,0.24,0.3,0.14,0.47,0.06,0.4,29.99,7.14
2011,Brentwood,E07000068,Total,73601,71.78,68.62,0.41,1.05,0.37,0.88,0.15,0.3,21.14,7.09
2011,Castle Point,E07000069,Total,88011,65.63,64.05,0.24,0.31,0.21,0.43,0.04,0.35,27.23,7.14
2011,Chelmsford,E07000070,Total,168310,64.82,61.94,0.33,0.72,0.2,1.2,0.1,0.34,28.16,7.02
2011,Colchester,E07000071,Total,173074,61.32,57.71,0.57,0.74,0.15,1.6,0.11,0.46,31.41,7.27
2011,Epping Forest,E07000072,Total,124659,69.99,61.81,0.33,1.4,3.19,1.91,1.01,0.35,22.51,7.5
2011,Harlow,E07000073,Total,81944,59.47,55.36,0.41,0.77,0.29,2.13,0.1,0.41,33.91,6.62
2011,Maldon,E07000074,Total,61629,66.13,64.98,0.25,0.1,0.16,0.28,0.05,0.32,26.55,7.32
2011,Rochford,E07000075,Total,83287,64.86,63.38,0.2,0.27,0.31,0.36,0.01,0.34,27.89,7.25
2011,Tendring,E07000076,Total,138048,65.18,63.9,0.23,0.16,0.14,0.29,0.03,0.42,27.15,7.67
2011,Uttlesford,E07000077,Total,79443,66.36,64.4,0.48,0.24,0.29,0.54,0.06,0.36,26.2,7.44
2011,Broxbourne,E07000095,Total,93609,69.23,65.01,0.3,0.76,0.34,2.44,0.1,0.29,23.82,6.95
2011,Dacorum,E07000096,Total,144847,63.03,58.15,0.43,1.32,0.47,2.15,0.12,0.39,29.52,7.45
2011,East Hertfordshire,E07000242,Total,137687,64.99,62.75,0.32,0.45,0.33,0.72,0.12,0.32,27.75,7.26
2011,Hertsmere,E07000098,Total,100031,73.02,51.71,0.59,3.17,14.29,2.4,0.16,0.69,19.17,7.81
2011,North Hertfordshire,E07000099,Total,127114,62.19,56.97,0.49,0.98,0.21,1.14,1.93,0.47,30.41,7.4
2011,St Albans,E07000240,Total,140664,66.79,59.71,0.44,1.26,1.18,3.67,0.22,0.31,25.79,7.42
2011,Stevenage,E07000243,Total,83957,59.21,54.44,0.53,1.19,0.18,1.97,0.36,0.55,34.07,6.72
2011,Three Rivers,E07000102,Total,87317,70.15,59.93,0.4,4.54,1.85,2.23,0.53,0.68,22.83,7.02
2011,Watford,E07000103,Total,90301,71.85,54.14,0.73,4.82,1.13,9.86,0.63,0.54,21.41,6.74
2011,Welwyn Hatfield,E07000241,Total,110535,65.02,57.54,0.81,2.51,0.8,2.54,0.34,0.47,27.87,7.11
2011,Breckland,E07000143,Total,130491,65.05,63.8,0.21,0.11,0.11,0.31,0.05,0.46,27.57,7.38
2011,Broadland,E07000144,Total,124646,64.67,63.33,0.27,0.2,0.09,0.3,0.06,0.41,27.96,7.38
2011,Great Yarmouth,E07000145,Total,97277,62.54,61.05,0.24,0.26,0.11,0.53,0.01,0.34,30.25,7.21
2011,King's Lynn and West Norfolk,E07000146,Total,147451,67.78,66.37,0.28,0.23,0.09,0.37,0.06,0.38,24.78,7.44
2011,North Norfolk,E07000147,Total,101499,67.16,65.98,0.28,0.05,0.12,0.16,0.02,0.54,25.21,7.64
2011,Norwich,E07000148,Total,132512,49.37,44.91,0.74,0.77,0.18,1.97,0.13,0.67,42.46,8.17
2011,South Norfolk,E07000149,Total,124012,63.63,62.28,0.29,0.19,0.1,0.32,0.04,0.4,28.71,7.67
2011,Babergh,E07000200,Total,87740,64.28,63.22,0.24,0.1,0.13,0.22,0.01,0.35,28.4,7.33
2011,Forest Heath,E07000201,Total,59748,65.83,63.98,0.32,0.26,0.14,0.61,0.07,0.46,26.61,7.56
2011,Ipswich,E07000202,Total,133384,57.76,53.08,0.37,0.83,0.06,2.68,0.26,0.49,35.0,7.23
2011,Mid Suffolk,E07000203,Total,96731,64.68,63.75,0.22,0.11,0.08,0.16,0.02,0.34,27.55,7.77
2011,St Edmundsbury,E07000204,Total,111008,63.81,62.28,0.28,0.23,0.11,0.54,0.05,0.32,28.93,7.26
2011,Suffolk Coastal,E07000205,Total,124298,64.77,63.07,0.3,0.35,0.11,0.43,0.1,0.4,27.63,7.6
2011,Waveney,E07000206,Total,115254,61.92,60.68,0.27,0.11,0.05,0.34,0.03,0.45,30.64,7.44
2011,Camden,E09000007,Total,220338,53.98,33.96,1.27,1.43,4.46,12.09,0.21,0.58,25.47,20.55
2011,City of London,E09000001,Total,7375,56.98,45.34,1.25,1.97,2.25,5.55,0.24,0.38,34.2,8.83
2011,Hackney,E09000012,Total,246270,62.2,38.63,1.25,0.64,6.28,14.1,0.76,0.53,28.2,9.6
2011,Hammersmith and Fulham,E09000013,Total,182493,67.77,54.14,1.13,1.15,0.64,10.0,0.24,0.47,23.83,8.41
2011,Haringey,E09000014,Total,254926,65.87,44.98,1.11,1.78,3.0,14.17,0.32,0.51,25.18,8.95
2011,Islington,E09000019,Total,206125,53.4,40.21,1.03,1.02,0.93,9.47,0.28,0.47,30.04,16.56
2011,Kensington and Chelsea,E09000020,Total,158649,69.34,54.21,1.54,0.87,2.09,9.97,0.17,0.49,20.59,10.07
2011,Lambeth,E09000022,Total,303086,63.28,53.1,0.98,1.03,0.37,7.09,0.15,0.55,27.98,8.74
2011,Lewisham,E09000023,Total,275885,63.88,52.77,1.33,2.38,0.23,6.44,0.19,0.54,27.24,8.88
2011,Newham,E09000025,Total,307984,84.04,39.98,0.79,8.75,0.11,31.97,2.08,0.35,9.54,6.42
2011,Southwark,E09000028,Total,288283,64.72,52.54,1.35,1.27,0.35,8.52,0.23,0.47,26.74,8.54
2011,Tower Hamlets,E09000030,Total,254096,65.47,27.08,1.07,1.65,0.5,34.51,0.32,0.32,19.15,15.38
2011,Wandsworth,E09000032,Total,306995,65.19,52.96,0.84,2.12,0.53,8.06,0.27,0.42,26.95,7.86
2011,Westminster,E09000033,Total,219396,70.35,44.61,1.46,1.9,3.3,18.27,0.23,0.58,20.3,9.35
2011,Barking and Dagenham,E09000002,Total,185911,74.68,56.0,0.45,2.4,0.23,13.73,1.59,0.29,18.88,6.44
2011,Barnet,E09000003,Total,356386,75.53,41.21,1.27,6.15,15.18,10.31,0.36,1.06,16.08,8.39
2011,Bexley,E09000004,Total,231997,68.87,62.11,0.59,1.53,0.1,2.43,1.79,0.31,24.14,6.99
2011,Brent,E09000005,Total,311215,82.48,41.48,1.38,17.82,1.4,18.65,0.55,1.21,10.62,6.9
2011,Bromley,E09000006,Total,309392,66.23,60.65,0.51,1.61,0.31,2.53,0.24,0.37,25.96,7.82
2011,Croydon,E09000008,Total,363378,72.37,56.42,0.66,5.98,0.2,8.12,0.4,0.59,19.99,7.64
2011,Ealing,E09000009,Total,338449,78.09,43.75,1.25,8.54,0.33,15.72,7.91,0.59,15.02,6.89
2011,Enfield,E09000010,Total,312466,76.73,53.58,0.58,3.5,1.41,16.69,0.34,0.62,15.53,7.74
2011,Greenwich,E09000011,Total,254557,66.9,52.89,1.66,3.57,0.19,6.82,1.37,0.4,25.55,7.56
2011,Harrow,E09000015,Total,239056,84.25,37.31,1.13,25.27,4.41,12.5,1.15,2.49,9.57,6.18
2011,Havering,E09000016,Total,237232,70.77,65.59,0.32,1.25,0.49,2.04,0.81,0.27,22.57,6.66
2011,Hillingdon,E09000017,Total,273936,76.64,49.21,0.87,8.04,0.64,10.61,6.65,0.61,16.97,6.39
2011,Hounslow,E09000018,Total,253957,77.63,42.0,1.42,10.34,0.26,14.04,8.96,0.61,15.89,6.48
2011,Kingston upon Thames,E09000021,Total,160060,66.38,52.91,1.11,4.69,0.48,5.92,0.77,0.5,25.73,7.89
2011,Merton,E09000024,Total,199693,72.33,56.08,0.94,6.11,0.4,8.14,0.25,0.41,20.65,7.02
2011,Redbridge,E09000026,Total,278970,82.53,36.83,0.66,11.36,3.66,23.3,6.23,0.48,11.0,6.47
2011,Richmond upon Thames,E09000027,Total,186990,63.08,55.25,0.84,1.63,0.75,3.28,0.85,0.48,28.45,8.47
2011,Sutton,E09000029,Total,190146,68.28,58.42,0.72,4.23,0.26,4.06,0.17,0.42,24.62,7.1
2011,Waltham Forest,E09000031,Total,258249,74.67,48.38,0.77,2.29,0.49,21.89,0.47,0.38,17.99,7.33
2011,Bracknell Forest,E06000036,Total,113205,64.99,60.53,0.73,1.61,0.16,1.13,0.4,0.43,28.43,6.58
2011,Brighton and Hove,E06000043,Total,273369,48.77,42.9,1.0,0.66,0.98,2.23,0.13,0.88,42.42,8.81
2011,Isle of Wight,E06000046,Total,138265,62.23,60.51,0.33,0.23,0.09,0.38,0.03,0.65,29.62,8.15
2011,Medway,E06000035,Total,263925,63.25,57.83,0.36,1.04,0.08,1.96,1.46,0.53,29.93,6.81
2011,Milton Keynes,E06000042,Total,248821,62.07,52.79,0.5,2.78,0.17,4.79,0.55,0.49,31.32,6.61
2011,Portsmouth,E06000044,Total,205056,57.72,52.18,0.57,0.63,0.11,3.49,0.23,0.51,35.03,7.25
2011,Reading,E06000038,Total,155698,63.2,50.0,1.2,3.64,0.23,7.07,0.61,0.45,29.5,7.3
2011,Slough,E06000039,Total,140205,82.18,41.17,0.53,6.16,0.06,23.29,10.62,0.34,12.14,5.67
2011,Southampton,E06000045,Total,236882,59.44,51.51,0.56,1.05,0.11,4.18,1.47,0.56,33.51,7.05
2011,West Berkshire,E06000037,Total,153822,66.16,63.64,0.32,0.72,0.14,0.79,0.15,0.39,26.68,7.16
2011,Windsor and Maidenhead,E06000040,Total,144560,71.32,62.29,0.54,1.84,0.33,3.93,2.03,0.35,21.69,6.99
2011,Wokingham,E06000041,Total,154380,66.73,59.53,0.37,2.06,0.33,2.82,1.32,0.29,26.0,7.27
2011,Aylesbury Vale,E07000004,Total,174137,67.4,61.69,0.38,0.78,0.18,3.9,0.14,0.34,25.57,7.03
2011,Chiltern,E07000005,Total,92635,68.8,63.21,0.35,1.3,0.55,2.49,0.53,0.37,23.55,7.64
2011,South Bucks,E07000006,Total,66867,73.25,62.27,0.46,2.52,0.43,2.49,4.73,0.34,19.85,6.91
2011,Wycombe,E07000007,Total,171644,68.7,57.2,0.53,1.17,0.23,8.75,0.45,0.38,24.23,7.07
2011,Eastbourne,E07000061,Total,99412,62.82,59.58,0.48,0.43,0.21,1.47,0.05,0.59,29.17,8.01
2011,Hastings,E07000062,Total,90254,55.11,51.89,0.53,0.47,0.16,1.28,0.04,0.74,36.64,8.26
2011,Lewes,E07000063,Total,97502,59.32,57.0,0.5,0.26,0.33,0.57,0.04,0.62,32.45,8.23
2011,Rother,E07000064,Total,90588,66.6,64.81,0.32,0.19,0.19,0.51,0.01,0.58,25.24,8.16
2011,Wealden,E07000065,Total,148915,65.77,64.01,0.3,0.15,0.16,0.38,0.02,0.76,26.29,7.93
2011,Basingstoke and Deane,E07000084,Total,167799,63.14,59.88,0.52,1.19,0.1,0.87,0.2,0.38,29.66,7.2
2011,East Hampshire,E07000085,Total,115608,66.22,64.65,0.34,0.24,0.14,0.36,0.04,0.44,26.28,7.5
2011,Eastleigh,E07000086,Total,125199,64.76,61.89,0.28,0.65,0.07,0.78,0.68,0.4,28.47,6.77
2011,Fareham,E07000087,Total,111581,65.35,63.77,0.25,0.27,0.06,0.48,0.07,0.46,27.4,7.24
2011,Gosport,E07000088,Total,82622,60.46,58.84,0.24,0.23,0.04,0.55,0.05,0.52,32.82,6.72
2011,Hart,E07000089,Total,91033,67.12,64.61,0.51,0.79,0.11,0.56,0.22,0.32,25.82,7.06
2011,Havant,E07000090,Total,120684,60.69,59.22,0.22,0.19,0.07,0.47,0.05,0.47,32.25,7.05
2011,New Forest,E07000091,Total,176462,66.51,65.18,0.24,0.12,0.12,0.27,0.04,0.52,25.71,7.78
2011,Rushmoor,E07000092,Total,93807,66.62,57.78,3.3,3.43,0.07,1.45,0.2,0.39,26.41,6.97
2011,Test Valley,E07000093,Total,116398,67.83,65.68,0.29,0.43,0.1,0.58,0.34,0.43,25.08,7.09
2011,Winchester,E07000094,Total,116595,65.27,63.24,0.49,0.39,0.15,0.48,0.11,0.42,27.28,7.45
2011,Ashford,E07000105,Total,117956,66.13,62.95,0.68,1.09,0.1,0.86,0.08,0.37,26.27,7.61
2011,Canterbury,E07000106,Total,151145,63.63,60.29,0.58,0.7,0.18,1.22,0.16,0.5,28.53,7.85
2011,Dartford,E07000107,Total,97365,66.23,60.64,0.39,1.59,0.09,1.61,1.58,0.33,27.2,6.56
2011,Dover,E07000108,Total,111674,66.21,64.06,0.47,0.61,0.09,0.47,0.04,0.47,26.01,7.78
2011,Gravesham,E07000109,Total,101720,72.22,60.84,0.33,0.93,0.05,1.86,7.61,0.6,21.49,6.29
2011,Maidstone,E07000110,Total,155143,66.14,62.9,0.58,0.96,0.11,1.09,0.11,0.39,26.75,7.12
2011,Sevenoaks,E07000111,Total,114893,67.23,65.43,0.32,0.34,0.17,0.52,0.16,0.3,25.19,7.58
2011,Folkestone and Hythe,E07000112,Total,107969,65.97,62.33,0.89,1.44,0.07,0.74,0.03,0.47,26.47,7.57
2011,Swale,E07000113,Total,135835,64.58,62.97,0.2,0.27,0.07,0.58,0.12,0.37,28.78,6.65
2011,Thanet,E07000114,Total,134186,63.99,61.44,0.37,0.48,0.2,0.92,0.07,0.51,28.6,7.41
2011,Tonbridge and Malling,E07000115,Total,120805,65.69,63.67,0.37,0.45,0.1,0.62,0.14,0.34,27.31,7.0
2011,Tunbridge Wells,E07000116,Total,115049,65.43,62.93,0.39,0.4,0.2,1.08,0.05,0.38,26.62,7.95
2011,Cherwell,E07000177,Total,141868,67.71,63.84,0.4,0.41,0.12,2.25,0.31,0.4,25.42,6.86
2011,Oxford,E07000178,Total,151906,58.6,48.01,0.94,1.35,0.71,6.79,0.29,0.52,33.1,8.3
2011,South Oxfordshire,E07000179,Total,134257,65.42,63.53,0.35,0.35,0.21,0.53,0.08,0.38,27.11,7.47
2011,Vale of White Horse,E07000180,Total,120988,65.71,63.3,0.38,0.47,0.16,0.89,0.15,0.36,26.87,7.43
2011,West Oxfordshire,E07000181,Total,104779,66.96,65.41,0.32,0.21,0.17,0.42,0.04,0.4,25.86,7.17
2011,Elmbridge,E07000207,Total,130875,69.09,64.16,0.52,1.22,0.61,1.84,0.4,0.34,23.39,7.53
2011,Epsom and Ewell,E07000208,Total,75102,68.6,61.55,0.64,2.55,0.32,3.03,0.17,0.35,24.31,7.09
2011,Guildford,E07000209,Total,137183,64.49,60.23,0.61,0.95,0.23,1.98,0.15,0.34,27.78,7.73
2011,Mole Valley,E07000210,Total,85375,66.9,64.33,0.39,0.66,0.25,0.78,0.1,0.39,25.2,7.9
2011,Reigate and Banstead,E07000211,Total,137835,66.34,61.9,0.45,1.36,0.21,1.91,0.15,0.35,26.31,7.35
2011,Runnymede,E07000212,Total,80510,68.81,63.39,0.63,1.47,0.31,1.93,0.68,0.4,23.97,7.22
2011,Spelthorne,E07000213,Total,95598,70.5,63.76,0.44,2.44,0.22,1.89,1.39,0.36,22.5,7.0
2011,Surrey Heath,E07000214,Total,86144,68.9,63.44,0.85,1.59,0.19,1.87,0.56,0.41,23.93,7.17
2011,Tandridge,E07000215,Total,82998,67.23,64.87,0.36,0.74,0.16,0.72,0.07,0.32,25.27,7.5
2011,Waverley,E07000216,Total,121572,67.11,65.16,0.36,0.26,0.19,0.65,0.06,0.43,25.29,7.61
2011,Woking,E07000217,Total,99198,69.56,58.82,0.68,1.97,0.22,7.38,0.15,0.34,23.12,7.33
2011,Adur,E07000223,Total,61182,61.11,58.56,0.34,0.23,0.36,1.0,0.05,0.57,31.32,7.57
2011,Arun,E07000224,Total,149518,66.97,65.29,0.28,0.2,0.16,0.54,0.03,0.46,25.3,7.73
2011,Chichester,E07000225,Total,113794,67.79,66.13,0.43,0.24,0.14,0.37,0.03,0.45,24.56,7.65
2011,Crawley,E07000226,Total,106597,67.57,54.21,0.38,4.59,0.09,7.21,0.68,0.42,26.04,6.39
2011,Horsham,E07000227,Total,131301,65.18,63.45,0.32,0.27,0.15,0.51,0.07,0.41,26.93,7.89
2011,Mid Sussex,E07000228,Total,139860,65.45,62.75,0.36,0.61,0.2,0.81,0.06,0.66,26.61,7.93
2011,Worthing,E07000229,Total,104640,61.47,58.12,0.57,0.52,0.22,1.29,0.12,0.64,30.18,8.35
2011,Bath and North East Somerset,E06000022,Total,176016,58.77,56.51,0.53,0.3,0.14,0.67,0.08,0.53,32.74,8.49
2011,Bournemouth,E06000028,Total,183491,61.75,57.13,0.66,0.7,0.73,1.78,0.09,0.66,30.47,7.77
2011,"Bristol, City of",E06000023,Total,428234,54.46,46.76,0.6,0.63,0.18,5.14,0.5,0.65,37.41,8.12
2011,Cornwall,E06000052,Total,532273,61.17,59.81,0.32,0.1,0.07,0.16,0.02,0.68,30.31,8.52
2011,Isles of Scilly,E06000053,Total,2203,56.6,55.29,0.41,0.05,0.18,0.14,0.0,0.54,33.68,9.71
2011,North Somerset,E06000024,Total,202566,62.45,60.99,0.27,0.17,0.08,0.43,0.05,0.46,30.05,7.5
2011,Plymouth,E06000026,Total,256384,60.03,58.08,0.34,0.22,0.07,0.81,0.03,0.47,32.88,7.1
2011,Poole,E06000029,Total,147645,62.67,60.44,0.36,0.35,0.27,0.7,0.05,0.49,29.75,7.58
2011,South Gloucestershire,E06000025,Total,262767,61.93,59.56,0.27,0.64,0.06,0.83,0.24,0.34,30.68,7.4
2011,Swindon,E06000030,Total,209156,62.19,57.51,0.58,1.24,0.07,1.69,0.59,0.51,30.97,6.84
2011,Torbay,E06000027,Total,130959,64.76,63.32,0.3,0.1,0.08,0.4,0.03,0.54,27.52,7.72
2011,Wiltshire,E06000054,Total,470981,65.77,64.05,0.34,0.28,0.08,0.44,0.06,0.51,26.55,7.68
2011,East Devon,E07000040,Total,132457,66.72,65.63,0.26,0.04,0.11,0.17,0.01,0.5,25.13,8.15
2011,Exeter,E07000041,Total,117773,57.21,53.91,0.58,0.32,0.13,1.58,0.14,0.57,34.7,8.09
2011,Mid Devon,E07000042,Total,77750,63.18,62.09,0.29,0.12,0.06,0.14,0.01,0.47,28.45,8.37
2011,North Devon,E07000043,Total,93667,62.64,61.31,0.3,0.11,0.06,0.3,0.06,0.5,28.81,8.55
2011,South Hams,E07000044,Total,83140,63.33,61.56,0.56,0.07,0.13,0.24,0.01,0.76,27.75,8.92
2011,Teignbridge,E07000045,Total,124220,63.47,62.22,0.33,0.06,0.08,0.19,0.01,0.59,28.13,8.4
2011,Torridge,E07000046,Total,63839,63.98,62.83,0.24,0.05,0.06,0.14,0.01,0.66,27.47,8.55
2011,West Devon,E07000047,Total,53553,64.84,63.64,0.28,0.06,0.09,0.17,0.01,0.58,26.62,8.54
2011,Christchurch,E07000048,Total,47752,68.64,67.13,0.33,0.11,0.2,0.31,0.01,0.55,23.65,7.72
2011,East Dorset,E07000049,Total,87166,68.12,66.83,0.18,0.12,0.17,0.4,0.01,0.41,24.21,7.67
2011,North Dorset,E07000050,Total,68583,68.16,66.53,0.38,0.32,0.13,0.27,0.01,0.5,23.8,8.04
2011,Purbeck,E07000051,Total,44973,65.99,65.01,0.25,0.01,0.08,0.15,0.0,0.48,25.89,8.12
2011,West Dorset,E07000052,Total,99264,66.69,65.27,0.34,0.12,0.09,0.26,0.01,0.6,24.97,8.34
2011,Weymouth and Portland,E07000053,Total,65167,62.83,61.02,0.4,0.08,0.09,0.47,0.07,0.7,29.28,7.89
2011,Cheltenham,E07000078,Total,115732,61.61,58.72,0.44,0.81,0.14,0.94,0.13,0.44,30.75,7.63
2011,Cotswold,E07000079,Total,82881,69.81,68.68,0.26,0.14,0.15,0.2,0.01,0.38,22.9,7.29
2011,Forest of Dean,E07000080,Total,81961,66.87,65.78,0.24,0.07,0.06,0.11,0.07,0.54,25.19,7.94
2011,Gloucester,E07000081,Total,121688,66.96,62.36,0.26,0.6,0.04,3.19,0.11,0.41,26.17,6.86
2011,Stroud,E07000082,Total,112779,63.56,62.0,0.32,0.11,0.09,0.21,0.04,0.79,28.35,8.09
2011,Tewkesbury,E07000083,Total,81943,67.93,66.57,0.21,0.32,0.06,0.33,0.08,0.35,24.97,7.1
2011,Mendip,E07000187,Total,109279,63.96,61.94,0.47,0.1,0.07,0.25,0.01,1.12,27.37,8.67
2011,Sedgemoor,E07000188,Total,114588,65.81,64.64,0.22,0.06,0.04,0.3,0.04,0.5,26.53,7.66
2011,South Somerset,E07000189,Total,161243,67.11,65.95,0.23,0.08,0.08,0.26,0.01,0.5,25.2,7.69
2011,Taunton Deane,E07000190,Total,110187,63.52,62.09,0.32,0.16,0.06,0.36,0.01,0.51,28.53,7.95
2011,West Somerset,E07000191,Total,34675,66.58,65.48,0.33,0.01,0.05,0.12,0.03,0.56,25.05,8.37
2011,Isle of Anglesey,W06000001,Total,69751,66.24,65.09,0.24,0.06,0.06,0.36,0.06,0.37,25.52,8.25
2011,Gwynedd,W06000002,Total,121874,61.77,59.49,0.35,0.2,0.05,1.13,0.03,0.52,29.67,8.56
2011,Conwy,W06000003,Total,115228,66.13,64.66,0.3,0.18,0.05,0.51,0.01,0.41,26.05,7.82
2011,Denbighshire,W06000004,Total,93734,65.52,64.15,0.28,0.18,0.03,0.5,0.01,0.37,26.81,7.67
2011,Flintshire,W06000005,Total,152506,67.37,66.42,0.23,0.1,0.05,0.32,0.02,0.24,25.39,7.24
2011,Wrexham,W06000006,Total,134844,65.07,63.46,0.26,0.37,0.04,0.64,0.06,0.23,27.38,7.54
2011,Powys,W06000023,Total,132976,63.3,61.76,0.43,0.24,0.06,0.18,0.04,0.6,27.86,8.84
2011,Ceredigion,W06000008,Total,75922,60.44,57.93,0.47,0.26,0.08,0.69,0.04,0.98,30.73,8.83
2011,Pembrokeshire,W06000009,Total,122439,64.5,63.02,0.34,0.19,0.04,0.35,0.03,0.53,27.31,8.19
2011,Carmarthenshire,W06000010,Total,183777,63.16,61.78,0.23,0.19,0.04,0.34,0.07,0.51,28.86,7.98
2011,Swansea,W06000011,Total,239023,58.56,55.0,0.36,0.33,0.07,2.27,0.12,0.44,33.98,7.46
2011,Neath Port Talbot,W06000012,Total,139812,58.91,57.68,0.22,0.1,0.03,0.41,0.08,0.38,33.81,7.29
2011,Bridgend,W06000013,Total,139178,56.3,55.06,0.26,0.19,0.02,0.38,0.03,0.36,36.69,7.01
2011,Vale of Glamorgan,W06000014,Total,126336,59.75,58.09,0.28,0.21,0.07,0.62,0.06,0.42,32.89,7.36
2011,Cardiff,W06000015,Total,346090,61.07,51.36,0.49,1.37,0.23,6.84,0.38,0.41,31.77,7.16
2011,Rhondda Cynon Taff,W06000016,Total,234410,51.84,50.5,0.22,0.17,0.04,0.45,0.08,0.37,40.76,7.4
2011,Merthyr Tydfil,W06000024,Total,58802,57.19,56.03,0.21,0.14,0.01,0.34,0.09,0.38,35.79,7.02
2011,Caerphilly,W06000018,Total,178806,51.67,50.71,0.16,0.1,0.04,0.22,0.09,0.37,40.87,7.45
2011,Blaenau Gwent,W06000019,Total,69814,50.8,49.85,0.16,0.1,0.01,0.26,0.06,0.36,41.07,8.12
2011,Torfaen,W06000020,Total,91075,56.61,55.42,0.24,0.26,0.02,0.26,0.06,0.35,35.8,7.59
2011,Monmouthshire,W06000021,Total,91323,63.81,62.53,0.29,0.18,0.07,0.26,0.05,0.43,28.49,7.7
2011,Newport,W06000022,Total,145736,62.76,56.85,0.25,0.47,0.07,4.71,0.1,0.32,29.74,7.5
