"date","geography","geography code","Rural Urban","Economic Activity: All categories: Economic activity; measures: Value","Economic Activity: Economically active: Total; measures: Value","Economic Activity: Economically active: Employee: Part-time; measures: Value","Economic Activity: Economically active: Employee: Full-time; measures: Value","Economic Activity: Economically active: Self-employed with employees: Part-time; measures: Value","Economic Activity: Economically active: Self-employed with employees: Full-time; measures: Value","Economic Activity: Economically active: Self-employed without employees: Part-time; measures: Value","Economic Activity: Economically active: Self-employed without employees: Full-time; measures: Value","Economic Activity: Economically active: Unemployed; measures: Value","Economic Activity: Economically active: Full-time student; measures: Value","Economic Activity: Economically inactive: Total; measures: Value","Economic Activity: Economically inactive: Retired; measures: Value","Economic Activity: Economically inactive: Student (including full-time students); measures: Value","Economic Activity: Economically inactive: Looking after home or family; measures: Value","Economic Activity: Economically inactive: Long-term sick or disabled; measures: Value","Economic Activity: Economically inactive: Other; measures: Value"
"2011","Darlington","E06000005","Total",76635,53443,11555,30337,234,1254,1289,2818,4002,1954,23192,12214,2742,3081,3737,1418
"2011","County Durham","E06000047","Total",383796,247101,50595,143922,1052,5717,5799,12741,17013,10262,136695,65444,23837,14190,24887,8337
"2011","Hartlepool","E06000001","Total",66804,43513,10092,22635,212,846,892,1855,5194,1787,23291,10621,3042,3265,4733,1630
"2011","Middlesbrough","E06000002","Total",100551,63582,15063,31301,300,1068,1331,2472,7631,4416,36969,13922,7453,5569,6841,3184
"2011","Northumberland","E06000057","Total",233224,158268,34368,86380,993,5351,5151,10568,10329,5128,74956,43897,8108,8368,10321,4262
"2011","Redcar and Cleveland","E06000003","Total",99177,63530,15322,33372,285,1235,1436,2908,6533,2439,35647,19206,4142,4361,5869,2069
"2011","Stockton-on-Tees","E06000004","Total",140654,96259,22070,52927,410,2017,2119,4395,8075,4246,44395,20767,7277,5911,6861,3579
"2011","Gateshead","E08000037","Total",148079,100184,21023,58988,351,1887,2059,4509,7419,3948,47895,23531,6832,5670,8844,3018
"2011","Newcastle upon Tyne","E08000021","Total",212864,133848,25835,69811,675,3017,3204,6236,10652,14418,79016,24571,29253,8868,11509,4815
"2011","North Tyneside","E08000022","Total",147889,104242,21815,61349,354,2074,2274,4933,7304,4139,43647,23497,5310,5048,7354,2438
"2011","South Tyneside","E08000023","Total",108981,72645,15480,40838,289,1379,1287,2993,7145,3234,36336,17355,4611,4696,7234,2440
"2011","Sunderland","E08000024","Total",205552,135467,29186,75899,586,2529,2788,5574,12016,6889,70085,32215,10778,8666,14084,4342
"2011","Blackburn with Darwen","E06000008","Total",104417,67033,14535,35597,520,1703,2050,3724,5575,3329,37384,13248,6065,7061,7378,3632
"2011","Blackpool","E06000009","Total",103813,68540,14836,34230,349,1646,2415,5550,6337,3177,35273,16807,3809,3943,8228,2486
"2011","Cheshire East","E06000049","Total",270953,191253,38940,106863,1205,6533,7713,13605,8742,7652,79700,46446,11341,9591,8327,3995
"2011","Cheshire West and Chester","E06000050","Total",243155,170778,36206,95642,887,4729,5711,10529,8949,8125,72377,39893,10746,8620,9574,3544
"2011","Halton","E06000006","Total",92708,63411,13102,37219,194,1056,1230,2940,5151,2519,29297,13332,3858,3900,6451,1756
"2011","Warrington","E06000007","Total",149461,107765,21782,63875,472,2389,2886,5870,5961,4530,41696,22189,5441,4917,6063,3086
"2011","Allerdale","E07000026","Total",70978,48904,11615,25912,353,1771,1543,3639,2553,1518,22074,13422,2128,2274,3215,1035
"2011","Barrow-in-Furness","E07000027","Total",51103,33897,8470,18723,171,647,841,1496,2365,1184,17206,9168,1613,1813,3720,892
"2011","Carlisle","E07000028","Total",79531,57210,13295,31161,318,1659,1514,3820,2847,2596,22321,12331,2778,2314,3711,1187
"2011","Copeland","E07000029","Total",52702,35335,7984,20525,160,847,753,1915,2235,916,17367,9657,1596,1922,2872,1320
"2011","Eden","E07000030","Total",38735,28413,6191,13651,254,1517,1434,3480,822,1064,10322,6822,1070,923,1067,440
"2011","South Lakeland","E07000031","Total",75831,53396,12015,26863,456,2423,2699,5524,1524,1892,22435,15457,2307,1769,1962,940
"2011","Bolton","E08000001","Total",200723,134933,27798,74631,839,3394,4086,8029,9913,6243,65790,29514,10318,9504,11574,4880
"2011","Bury","E08000002","Total",134687,94680,19118,53953,533,2539,3129,6019,5769,3620,40007,19558,6074,5168,6596,2611
"2011","Manchester","E08000003","Total",382932,243224,41535,128930,1099,4060,6794,11675,21880,27251,139708,29179,53999,18697,25161,12672
"2011","Oldham","E08000004","Total",159765,106398,22171,58410,659,2581,3047,6147,8661,4722,53367,22426,8135,9038,9209,4559
"2011","Rochdale","E08000005","Total",152742,101003,20101,55604,629,2436,2982,6069,9047,4135,51739,20853,8025,7838,10446,4577
"2011","Salford","E08000006","Total",173117,118130,21676,67966,414,2114,2616,6228,9041,8075,54987,20950,10093,7021,11915,5008
"2011","Stockport","E08000007","Total",205310,146296,29946,83049,752,4049,4888,9975,8002,5635,59014,31395,8674,7139,8527,3279
"2011","Tameside","E08000008","Total",161459,111016,21377,65546,470,2200,2757,6595,8052,4019,50443,23682,6865,6443,9970,3483
"2011","Trafford","E08000009","Total",162806,118064,22799,68201,657,3416,4132,7649,6136,5074,44742,21729,7200,6426,6499,2888
"2011","Wigan","E08000010","Total",236495,162781,32880,94703,640,3324,4016,9465,11483,6270,73714,38211,8293,8302,14652,4256
"2011","Burnley","E07000117","Total",63376,41879,9129,23187,209,857,1275,2250,3342,1630,21497,9745,2749,2876,4433,1694
"2011","Chorley","E07000118","Total",79951,56645,11542,33167,282,1642,1678,3698,2588,2048,23306,12899,2590,2279,3262,2276
"2011","Fylde","E07000119","Total",54544,36447,7374,20222,259,1291,1387,2752,1687,1475,18097,11262,1785,1699,2161,1190
"2011","Hyndburn","E07000120","Total",58356,39118,7902,22029,204,881,1260,2387,2688,1767,19238,8803,2513,2600,3912,1410
"2011","Lancaster","E07000121","Total",103296,67262,14852,34812,346,1784,2302,4402,3362,5402,36034,15718,11219,2915,4431,1751
"2011","Pendle","E07000122","Total",64440,42765,9036,23179,299,1229,1573,2649,3012,1788,21675,9753,2650,3700,3921,1651
"2011","Preston","E07000123","Total",104085,70509,14188,38229,354,1528,1720,3331,4575,6584,33576,12147,8538,4579,5594,2718
"2011","Ribble Valley","E07000124","Total",41285,29672,6023,16105,215,1466,1233,2570,852,1208,11613,7431,1504,979,1128,571
"2011","Rossendale","E07000125","Total",50075,35186,6794,20067,191,1025,1238,2549,2090,1232,14889,7372,2148,1809,2715,845
"2011","South Ribble","E07000126","Total",80458,58577,11969,35168,238,1389,1552,3500,2421,2340,21881,13286,2677,2136,2803,979
"2011","West Lancashire","E07000127","Total",81601,55680,11504,29658,377,1928,1768,3734,3180,3531,25921,13888,4668,2673,3515,1177
"2011","Wyre","E07000128","Total",77663,51450,11298,26923,342,1945,1974,4094,2464,2410,26213,16467,3010,2247,3443,1046
"2011","Knowsley","E08000011","Total",106155,69617,15173,38065,208,1083,1386,3541,6926,3235,36538,14415,5127,4822,9333,2841
"2011","Liverpool","E08000012","Total",356876,226270,44816,116778,865,4092,4825,10894,23980,20020,130606,41070,36781,13683,28453,10619
"2011","Sefton","E08000014","Total",198197,133012,29799,71019,638,3430,3995,8204,9708,6219,65185,34329,8676,6705,11612,3863
"2011","St. Helens","E08000013","Total",129584,86121,18169,49968,330,1679,1766,4246,6640,3323,43463,22144,5294,4971,8638,2416
"2011","Wirral","E08000015","Total",230851,153240,34513,83696,725,3839,4424,8346,11939,5758,77611,38761,10491,9046,14724,4589
"2011","East Riding of Yorkshire","E06000011","Total",245594,168860,37856,90761,1087,6040,5863,11844,8795,6614,76734,47790,9149,7849,7720,4226
"2011","Kingston upon Hull, City of","E06000010","Total",190610,128130,28041,68035,418,1808,2352,5236,15296,6944,62480,23025,13243,9482,11524,5206
"2011","North East Lincolnshire","E06000012","Total",115823,79227,19086,42039,306,1581,1763,3834,7486,3132,36596,18018,4825,5635,5612,2506
"2011","North Lincolnshire","E06000013","Total",122329,84668,18768,48278,413,2031,2163,4262,5869,2884,37661,20296,4569,5433,5151,2212
"2011","York","E06000014","Total",149789,104945,22487,57032,453,2391,3252,6232,4582,8516,44844,20688,14387,4107,3678,1984
"2011","Craven","E07000163","Total",40056,28744,6139,14540,219,1345,1358,3103,1003,1037,11312,7525,1300,1030,966,491
"2011","Hambleton","E07000164","Total",65255,47068,9843,25377,394,2173,1846,4326,1670,1439,18187,11809,1960,2043,1483,892
"2011","Harrogate","E07000165","Total",114038,84662,16998,46509,638,3489,3757,7320,2931,3020,29376,17693,3789,3823,2586,1485
"2011","Richmondshire","E07000166","Total",38652,29017,5217,17121,186,1208,1043,2391,1116,735,9635,5761,937,1396,839,702
"2011","Ryedale","E07000167","Total",37581,26644,5773,12760,266,1381,1437,3168,1029,830,10937,7005,1282,1175,945,530
"2011","Scarborough","E07000168","Total",79393,52245,12834,24346,397,2092,2107,4706,3371,2392,27148,16117,3141,2785,3708,1397
"2011","Selby","E07000169","Total",61831,45720,9293,26298,285,1479,1468,3167,2154,1576,16111,9710,1883,2182,1586,750
"2011","Barnsley","E08000016","Total",170405,113306,24807,62841,515,2639,2863,7086,8738,3817,57099,28008,6225,7435,11925,3506
"2011","Doncaster","E08000017","Total",220877,147770,33112,80998,734,3305,3941,8216,12697,4767,73107,34110,8765,10746,12958,6528
"2011","Rotherham","E08000018","Total",187959,125899,28830,68860,598,2839,3244,7313,9821,4394,62060,31117,7405,8864,10614,4060
"2011","Sheffield","E08000019","Total",411004,270239,56868,140933,1216,5503,7835,15467,19626,22791,140765,52941,44212,16682,18418,8512
"2011","Bradford","E08000032","Total",366217,243727,52795,125745,1725,6199,8721,14828,21224,12490,122490,43961,23311,24487,18176,12555
"2011","Calderdale","E08000033","Total",148766,104893,21923,57617,585,2837,3650,6999,7394,3888,43873,22405,6156,5844,6510,2958
"2011","Kirklees","E08000034","Total",307194,209514,44638,112199,1413,5679,7070,13332,14465,10718,97680,44027,17593,15227,13504,7329
"2011","Leeds","E08000035","Total",560849,389929,73507,217528,1789,8318,10731,21460,26786,29810,170920,69446,46047,20435,22498,12494
"2011","Wakefield","E08000036","Total",240997,164768,35763,95559,719,3494,3960,8531,11702,5040,76229,38721,8474,9554,14092,5388
"2011","Derby","E06000015","Total",179291,123691,26310,68979,486,2027,3127,6017,9297,7448,55600,22925,11237,8595,8574,4269
"2011","Leicester","E06000016","Total",242232,156425,33341,80780,751,2757,3699,6814,14982,13301,85807,22435,27604,15035,12397,8336
"2011","Nottingham","E06000018","Total",232072,142327,27605,72252,573,2147,3575,6709,14775,14691,89745,21144,37733,10854,13161,6853
"2011","Rutland","E06000017","Total",27052,18758,3847,10314,155,710,976,1507,643,606,8294,4579,1568,878,463,806
"2011","Amber Valley","E07000032","Total",90558,63280,13374,36229,261,1597,2085,4240,3503,1991,27278,15715,3109,3417,3680,1357
"2011","Bolsover","E07000033","Total",55945,37442,7986,21542,144,820,938,2148,2612,1252,18503,9463,1962,2435,3626,1017
"2011","Chesterfield","E07000034","Total",76409,51909,12272,28593,235,993,1481,2969,3557,1809,24500,12894,2782,2916,4554,1354
"2011","Derbyshire Dales","E07000035","Total",51978,36541,8270,18153,336,1593,1922,3727,1394,1146,15437,9903,1699,1581,1322,932
"2011","Erewash","E07000036","Total",82609,59044,12446,34268,233,1269,1631,3462,3742,1993,23565,12894,2970,3107,3304,1290
"2011","High Peak","E07000037","Total",67389,48560,10316,26377,252,1418,1899,3911,2576,1811,18829,10561,2893,1998,2473,904
"2011","North East Derbyshire","E07000038","Total",73460,49919,11679,27073,259,1416,1616,3525,2697,1654,23541,14159,2486,2575,3285,1036
"2011","South Derbyshire","E07000039","Total",69450,50358,10279,29738,267,1307,1601,3217,2125,1824,19092,10286,2521,2749,2443,1093
"2011","Blaby","E07000129","Total",68558,50661,10733,29207,239,1318,1667,3537,1963,1997,17897,10721,2495,1914,1565,1202
"2011","Charnwood","E07000130","Total",124967,84609,17209,47592,401,2133,2657,5244,3864,5509,40358,17092,14278,3930,3437,1621
"2011","Harborough","E07000131","Total",61913,45791,9419,25343,330,1839,2048,3763,1517,1532,16122,9569,2415,1871,1232,1035
"2011","Hinckley and Bosworth","E07000132","Total",77716,56538,11408,33087,317,1543,1943,3961,2448,1831,21178,12924,2615,2510,2205,924
"2011","Melton","E07000133","Total",36955,27422,5636,15481,155,924,1068,2094,1067,997,9533,5831,1231,1247,779,445
"2011","North West Leicestershire","E07000134","Total",68556,48999,9845,28778,236,1253,1573,3309,2361,1644,19557,11025,2611,2595,2350,976
"2011","Oadby and Wigston","E07000135","Total",40797,28119,6146,15570,166,811,864,1669,1314,1579,12678,6102,3555,1296,1098,627
"2011","Boston","E07000136","Total",47306,33031,7480,18683,181,892,907,1927,1969,992,14275,7842,1447,1838,2083,1065
"2011","East Lindsey","E07000137","Total",99928,60716,14264,29753,477,2460,2698,5223,3966,1875,39212,24038,3234,4356,5795,1789
"2011","Lincoln","E07000138","Total",71577,49523,9926,26504,158,796,1111,2486,3533,5009,22054,8015,6287,2880,3278,1594
"2011","North Kesteven","E07000139","Total",78616,55065,11437,32060,302,1485,1878,3759,2290,1854,23551,14890,2536,2942,2280,903
"2011","South Holland","E07000140","Total",63920,44276,8432,25724,262,1323,1493,3298,2532,1212,19644,11891,1846,2549,2308,1050
"2011","South Kesteven","E07000141","Total",97319,70273,14579,40051,363,1901,2651,4954,3248,2526,27046,16064,3113,3586,2840,1443
"2011","West Lindsey","E07000142","Total",65531,44768,9855,24183,256,1497,1747,3196,2497,1537,20763,12366,2367,2598,2492,940
"2011","Corby","E07000150","Total",45049,33166,6145,20899,95,476,565,1506,2222,1258,11883,5566,1504,1759,2237,817
"2011","Daventry","E07000151","Total",57379,41546,7904,23617,242,1452,1705,3376,1731,1519,15833,8777,1978,2079,1456,1543
"2011","East Northamptonshire","E07000152","Total",63006,45821,8602,26972,250,1251,1567,3577,2136,1466,17185,9549,2504,2517,1808,807
"2011","Kettering","E07000153","Total",67920,50012,9967,29305,222,1223,1539,3268,2728,1760,17908,9729,2101,2616,2408,1054
"2011","Northampton","E07000154","Total",155682,115479,21026,68363,417,2254,2872,6955,7223,6369,40203,17458,7871,6026,5837,3011
"2011","South Northamptonshire","E07000155","Total",62321,47449,9004,27039,294,1629,2068,4283,1476,1656,14872,9161,1847,2109,1045,710
"2011","Wellingborough","E07000156","Total",54817,39247,7449,23367,153,891,1033,2363,2562,1429,15570,8059,1844,2360,2109,1198
"2011","Ashfield","E07000170","Total",88037,59970,12976,34795,236,1087,1458,3379,4140,1899,28067,14545,2921,3986,4912,1703
"2011","Bassetlaw","E07000171","Total",83305,56556,12752,31585,327,1515,1644,3461,3294,1978,26749,14204,2914,3162,4219,2250
"2011","Broxtowe","E07000172","Total",81573,56838,11855,33191,236,1279,1615,3153,3156,2353,24735,13440,4574,2724,2833,1164
"2011","Gedling","E07000173","Total",83284,59493,12940,33171,297,1565,1908,3986,3391,2235,23791,13774,3006,2717,3032,1262
"2011","Mansfield","E07000174","Total",77155,52392,11627,29832,226,1062,1287,2927,3547,1884,24763,12120,2661,3436,4996,1550
"2011","Newark and Sherwood","E07000175","Total",84145,57971,12686,31947,344,1804,2061,4030,2995,2104,26174,14352,3157,3423,3590,1652
"2011","Rushcliffe","E07000176","Total",80755,58045,11753,32677,374,1950,2380,3999,2222,2690,22710,12820,4465,2435,1758,1232
"2011","Herefordshire, County of","E06000019","Total",133442,95114,20345,48094,682,3656,4683,10130,4353,3171,38328,22149,4845,4636,4600,2098
"2011","Shropshire","E06000051","Total",223892,158983,34760,83106,1126,6130,6852,14427,7350,5232,64909,37833,8764,7529,7237,3546
"2011","Stoke-on-Trent","E06000021","Total",182808,119743,24732,67097,528,2127,2823,5962,9715,6759,63065,26108,10260,8553,13223,4921
"2011","Telford and Wrekin","E06000020","Total",122279,84947,16530,50567,293,1724,2134,4437,5806,3456,37332,16798,6213,5923,6001,2397
"2011","Cannock Chase","E07000192","Total",72274,51306,11009,28840,211,1063,1255,3737,3311,1880,20968,10735,2604,3007,3415,1207
"2011","East Staffordshire","E07000193","Total",83059,58578,12135,33829,302,1448,1806,3624,3171,2263,24481,12497,3077,3691,3103,2113
"2011","Lichfield","E07000194","Total",74757,51862,10890,28837,326,1782,1925,3776,2531,1795,22895,13883,2793,2603,2276,1340
"2011","Newcastle-under-Lyme","E07000195","Total",92335,61568,12736,34876,244,1525,1705,3513,3378,3591,30767,14830,7063,2983,4341,1550
"2011","South Staffordshire","E07000196","Total",80718,56418,12224,30995,382,1964,1889,4217,2670,2077,24300,14754,3158,2560,2228,1600
"2011","Stafford","E07000197","Total",97297,68274,14101,38948,353,2052,2149,4320,3028,3323,29023,16246,4921,2888,3024,1944
"2011","Staffordshire Moorlands","E07000198","Total",72085,49988,10527,27432,349,1690,1784,4348,2031,1827,22097,13745,2379,2093,2926,954
"2011","Tamworth","E07000199","Total",56833,41188,8566,24514,123,653,922,2342,2541,1527,15645,8104,2012,2366,2344,819
"2011","North Warwickshire","E07000218","Total",46170,33151,6732,18982,176,989,1040,2491,1662,1079,13019,7636,1534,1543,1632,674
"2011","Nuneaton and Bedworth","E07000219","Total",92090,65173,13588,38428,218,1156,1490,3412,4363,2518,26917,14372,3280,3616,4058,1591
"2011","Rugby","E07000220","Total",72759,53457,10096,32415,229,1198,1635,3445,2613,1826,19302,10723,2836,2557,2068,1118
"2011","Stratford-on-Avon","E07000221","Total",87728,63253,12651,33817,465,2403,3468,6040,2154,2255,24475,15155,2987,3056,2029,1248
"2011","Warwick","E07000222","Total",102883,73309,13456,43062,397,1918,2873,4858,3118,3627,29574,13319,9243,3011,2626,1375
"2011","Birmingham","E08000025","Total",760252,488221,96186,251668,2970,9718,15221,24916,54114,33428,272031,81213,74102,48771,39917,28028
"2011","Coventry","E08000026","Total",231871,153745,29800,84624,549,2574,3659,7558,12532,12449,78126,27790,24219,10049,10487,5581
"2011","Dudley","E08000027","Total",226726,155530,33987,86654,618,3051,4219,9191,12064,5746,71196,36619,9636,10355,10060,4526
"2011","Sandwell","E08000028","Total",219508,146653,29779,81339,653,2508,3272,6787,16049,6266,72855,28582,11728,12859,12679,7007
"2011","Solihull","E08000029","Total",148360,105108,21701,59212,599,2944,3363,6767,6304,4218,43252,24019,6496,5506,4949,2282
"2011","Walsall","E08000030","Total",191974,126805,26934,67743,672,2891,3168,7260,13006,5131,65169,28865,9544,11220,9974,5566
"2011","Wolverhampton","E08000031","Total",179983,120402,24364,63981,525,2269,2680,5910,14127,6546,59581,23763,11036,9479,9765,5538
"2011","Bromsgrove","E07000234","Total",67807,48664,10393,26705,331,1765,1953,3720,2070,1727,19143,11031,2836,1909,1714,1653
"2011","Malvern Hills","E07000235","Total",53512,36261,7704,18038,292,1511,2128,3676,1690,1222,17251,10292,2583,1877,1692,807
"2011","Redditch","E07000236","Total",62523,46220,8991,27383,156,870,1317,2747,2877,1879,16303,8106,2394,2440,2374,989
"2011","Worcester","E07000237","Total",73382,53966,11000,30777,170,956,1561,3068,3071,3363,19416,8918,4046,2713,2497,1242
"2011","Wychavon","E07000238","Total",85481,61260,12816,32863,413,2246,2769,5352,2675,2126,24221,14864,2854,2897,2278,1328
"2011","Wyre Forest","E07000239","Total",72331,49712,10994,27045,270,1318,1806,3627,3041,1611,22619,13356,2413,2638,2972,1240
"2011","Bedford","E06000055","Total",113764,81782,15841,45943,431,2107,2815,5473,5060,4112,31982,14517,6231,4918,3749,2567
"2011","Central Bedfordshire","E06000056","Total",186658,139525,26069,81304,678,3678,4981,11135,6443,5237,47133,25111,7768,7346,4409,2499
"2011","Luton","E06000032","Total",145208,100272,18407,53271,635,2136,2948,6479,8337,8059,44936,14336,10703,9660,5496,4741
"2011","Peterborough","E06000031","Total",132318,95646,18654,56704,438,1946,2627,5001,6691,3585,36672,15323,5104,7270,5484,3491
"2011","Southend-on-Sea","E06000033","Total",125007,88324,17949,47972,451,2168,3348,6834,6209,3393,36683,17655,4769,6298,5311,2650
"2011","Thurrock","E06000034","Total",114124,84464,16370,48620,347,1750,2091,5973,6190,3123,29660,13377,3987,5903,4037,2356
"2011","Cambridge","E07000008","Total",98283,62886,10001,37350,227,1254,2300,3510,2641,5603,35397,7001,21463,2949,2437,1547
"2011","East Cambridgeshire","E07000009","Total",60714,45920,8811,26726,246,1397,1884,3700,1747,1409,14794,8224,1784,2531,1438,817
"2011","Fenland","E07000010","Total",69258,47829,9701,27304,226,1200,1403,3579,2931,1485,21429,11869,2146,2954,3100,1360
"2011","Huntingdonshire","E07000011","Total",125346,93481,17780,56515,440,2272,3044,6156,3957,3317,31865,17677,4002,4746,3112,2328
"2011","South Cambridgeshire","E07000012","Total",107779,82079,15597,48499,443,2362,3712,5995,2499,2972,25700,14045,4295,3875,2133,1352
"2011","Basildon","E07000066","Total",125795,89570,17855,50693,371,2087,2703,6956,5846,3059,36225,17497,4297,7204,4953,2274
"2011","Braintree","E07000067","Total",106718,78715,15747,43859,411,2159,3109,6731,4014,2685,28003,15027,3153,4890,3347,1586
"2011","Brentwood","E07000068","Total",52959,38149,7142,21677,242,1280,1705,3237,1667,1199,14810,7884,2330,2564,1215,817
"2011","Castle Point","E07000069","Total",64626,44080,9525,23519,217,1231,1505,4225,2289,1569,20546,12525,1852,3086,2036,1047
"2011","Chelmsford","E07000070","Total",123693,91339,18138,52442,433,2303,3346,6693,4223,3761,32354,17484,4840,5230,2810,1990
"2011","Colchester","E07000071","Total",128562,91385,18471,50589,414,2176,3147,6417,4456,5715,37177,16901,8950,5226,4135,1965
"2011","Epping Forest","E07000072","Total",90622,65304,12023,34722,582,2840,3155,6614,3259,2109,25318,12746,4055,4459,2378,1680
"2011","Harlow","E07000073","Total",58669,43847,8643,25261,142,733,1181,3050,3043,1794,14822,6625,2102,2778,2188,1129
"2011","Maldon","E07000074","Total",45406,31856,6640,16765,232,1143,1558,3175,1381,962,13550,8148,1353,2122,1293,634
"2011","Rochford","E07000075","Total",60425,42804,9179,23556,228,1176,1625,3739,1836,1465,17621,10715,1846,2756,1395,909
"2011","Tendring","E07000076","Total",97050,59908,14148,29346,340,1813,2525,5113,4533,2090,37142,22402,3223,4469,5131,1917
"2011","Uttlesford","E07000077","Total",57086,42473,8306,22883,305,1726,2245,4138,1527,1343,14613,7685,2371,2778,1006,773
"2011","Broxbourne","E07000095","Total",67599,49426,9790,27083,296,1328,1720,4537,2825,1847,18173,8930,2927,3221,1861,1234
"2011","Dacorum","E07000096","Total",104410,77800,14422,44421,371,2037,3356,6441,3829,2923,26610,12906,4003,4730,2788,2183
"2011","East Hertfordshire","E07000242","Total",100093,75434,14070,43787,404,2386,3279,6252,2849,2407,24659,12485,4401,4404,2066,1303
"2011","Hertsmere","E07000098","Total",71511,52435,9622,28167,337,1903,2847,4913,2650,1996,19076,8029,4378,3369,1980,1320
"2011","North Hertfordshire","E07000099","Total",91510,68564,12782,40147,384,1805,2861,4990,3145,2450,22946,12149,3429,3959,2179,1230
"2011","St Albans","E07000240","Total",99863,74553,13476,42999,434,2416,3806,5910,2715,2797,25310,12321,4614,4817,2078,1480
"2011","Stevenage","E07000243","Total",60988,46140,8729,27053,140,760,1222,3130,2925,2181,14848,6749,2269,2795,1998,1037
"2011","Three Rivers","E07000102","Total",62440,46280,8425,25698,331,1713,2419,4076,1984,1634,16160,7971,2830,2910,1417,1032
"2011","Watford","E07000103","Total",66285,50770,8438,30477,208,1047,1865,3774,2692,2269,15515,6260,3058,3030,1779,1388
"2011","Welwyn Hatfield","E07000241","Total",81514,57036,9939,31315,259,1402,1994,3941,2687,5499,24478,8920,8941,3283,2090,1244
"2011","Breckland","E07000143","Total",94176,65029,13772,36350,320,1709,2455,5015,3302,2106,29147,16939,2835,3987,3288,2098
"2011","Broadland","E07000144","Total",90305,64232,15110,34180,378,1880,2737,5312,2314,2321,26073,16776,2552,3116,2512,1117
"2011","Great Yarmouth","E07000145","Total",70234,46018,11433,22778,217,1176,1430,3021,4258,1705,24216,12881,2526,3443,3741,1625
"2011","King's Lynn and West Norfolk","E07000146","Total",106591,71704,15537,38946,427,2254,2720,5575,3901,2344,34887,20888,3295,4609,4334,1761
"2011","North Norfolk","E07000147","Total",72453,45819,10606,21871,364,1810,2671,4825,2404,1268,26634,17240,2002,2918,2847,1627
"2011","Norwich","E07000148","Total",100702,68772,13516,37502,219,1109,1986,3915,5060,5465,31930,10766,9613,4379,4959,2213
"2011","South Norfolk","E07000149","Total",89337,63158,14032,33553,379,2052,3019,5477,2439,2207,26179,16249,2844,3450,2506,1130
"2011","Babergh","E07000200","Total",63075,44347,9578,23434,300,1403,2255,4065,1879,1433,18728,11468,2129,2671,1593,867
"2011","Forest Heath","E07000201","Total",44053,33115,5705,20939,136,766,973,2198,1412,986,10938,5403,1210,2074,1134,1117
"2011","Ipswich","E07000202","Total",97167,71423,16071,40014,239,1144,1768,3956,5212,3019,25744,11279,3736,4662,4048,2019
"2011","Mid Suffolk","E07000203","Total",70073,50607,10977,27013,322,1638,2542,4604,1789,1722,19466,12193,2035,2781,1568,889
"2011","St Edmundsbury","E07000204","Total",80968,59324,12418,34373,307,1576,2139,3947,2463,2101,21644,12451,2522,2761,2066,1844
"2011","Suffolk Coastal","E07000205","Total",88250,61006,14036,31974,481,2007,3170,4799,2394,2145,27244,17161,2817,3423,2328,1515
"2011","Waveney","E07000206","Total",81877,53460,13463,26780,311,1401,2007,3752,3724,2022,28417,16590,2557,3748,3747,1775
"2011","Camden","E09000007","Total",173833,118397,13727,66955,800,4333,6542,11629,7755,6656,55436,11908,22734,7874,7663,5257
"2011","City of London","E09000001","Total",6307,4972,360,3245,32,281,213,510,187,144,1335,580,363,153,116,123
"2011","Hackney","E09000012","Total",187423,133883,21394,68680,935,3056,6434,12868,13207,7309,53540,10441,16455,9262,9788,7594
"2011","Hammersmith and Fulham","E09000013","Total",145552,107754,11073,66703,607,3078,4927,9252,7060,5054,37798,9135,11919,6645,5670,4429
"2011","Haringey","E09000014","Total",193062,138189,21601,70472,983,3849,8266,13715,11730,7573,54873,13391,15945,9604,8448,7485
"2011","Islington","E09000019","Total",165149,117488,13596,69852,552,3196,4834,10295,8960,6203,47661,10204,16458,6611,8707,5681
"2011","Kensington and Chelsea","E09000020","Total",126080,87517,8583,51211,808,4604,5215,8777,5433,2886,38563,10119,11031,7740,4503,5170
"2011","Lambeth","E09000022","Total",237730,183190,22530,110465,861,3860,7225,14882,14255,9112,54540,13265,16062,8411,9068,7734
"2011","Lewisham","E09000023","Total",206255,151793,24079,82776,813,3293,6286,11658,12776,10112,54462,15088,15018,9179,8779,6398
"2011","Newham","E09000025","Total",228958,153761,26408,70712,1256,3537,6035,10914,15734,19165,75197,13211,24959,16510,9728,10789
"2011","Southwark","E09000028","Total",224551,163859,22225,94675,762,3513,6036,12075,13484,11089,60692,12940,22256,8438,9653,7405
"2011","Tower Hamlets","E09000030","Total",196552,137233,18852,78031,906,2450,4116,8864,13259,10755,59319,9262,19407,13809,8893,7948
"2011","Wandsworth","E09000032","Total",243533,189789,18968,123965,881,5239,7883,15532,9311,8010,53744,15140,14599,10424,7027,6554
"2011","Westminster","E09000033","Total",175505,120418,12606,72899,996,4942,5520,10568,7941,4946,55087,12010,17835,9521,8492,7229
"2011","Barking and Dagenham","E09000002","Total",127568,86404,15608,44490,506,1883,3009,6023,9367,5518,41164,10995,9485,9476,6459,4749
"2011","Barnet","E09000003","Total",258443,184483,30478,93174,1681,7842,11843,18924,11476,9065,73960,22967,21112,14277,7885,7719
"2011","Bexley","E09000004","Total",165914,118864,23072,66838,532,2688,3648,9508,7245,5333,47050,21839,9177,7696,4943,3395
"2011","Brent","E09000005","Total",233726,163991,25702,83772,1429,5185,8070,15320,13535,10978,69735,18619,19919,13035,9119,9043
"2011","Bromley","E09000006","Total",222539,161282,29012,91506,967,4844,7039,13740,8668,5506,61257,29656,10635,10614,6057,4295
"2011","Croydon","E09000008","Total",263048,190308,33112,105621,1082,4685,7169,14084,14512,10043,72740,26079,16641,13265,9272,7483
"2011","Ealing","E09000009","Total",252764,180615,25882,100465,1191,4847,8810,16305,13158,9957,72149,20905,18771,14552,9134,8787
"2011","Enfield","E09000010","Total",224024,153334,29134,77326,1368,4702,6993,12078,13192,8541,70690,22062,17187,13464,9242,8735
"2011","Greenwich","E09000011","Total",186722,132073,20697,71844,702,3175,4687,9741,11518,9709,54649,15695,13957,9577,8621,6799
"2011","Harrow","E09000015","Total",174751,123307,21423,65492,985,4474,5717,10943,7854,6419,51444,18189,13417,9580,5105,5153
"2011","Havering","E09000016","Total",171128,121642,23479,67989,659,3094,4096,10129,7627,4569,49486,24404,7944,8374,5407,3357
"2011","Hillingdon","E09000017","Total",199926,141542,23706,80835,729,3402,4704,9812,8693,9661,58384,20310,16788,10311,5886,5089
"2011","Hounslow","E09000018","Total",190157,137867,20588,79763,878,3451,5500,10562,8815,8310,52290,15843,12769,11167,6502,6009
"2011","Kingston upon Thames","E09000021","Total",119673,87348,13588,49530,524,2357,3961,7166,3850,6372,32325,11281,10305,5616,2664,2459
"2011","Merton","E09000024","Total",149598,112038,16484,65877,659,3091,5072,9721,6072,5062,37560,12903,9150,7912,3741,3854
"2011","Redbridge","E09000026","Total",199544,137776,23948,71627,1188,4843,6144,11262,10590,8174,61768,19026,16199,13137,6548,6858
"2011","Richmond upon Thames","E09000027","Total",137779,104090,14207,61511,648,3632,6240,9947,4153,3752,33689,13794,7383,6979,2802,2731
"2011","Sutton","E09000029","Total",138710,103995,18502,60111,600,2635,3981,8603,5429,4134,34715,15461,6454,6238,3904,2658
"2011","Waltham Forest","E09000031","Total",190978,135015,21889,69385,1033,3371,6509,12777,11654,8397,55963,15335,15209,11429,7166,6824
"2011","Bracknell Forest","E06000036","Total",83116,65137,11066,40762,225,1249,2112,4581,2808,2334,17979,8496,3007,3450,1770,1256
"2011","Brighton and Hove","E06000043","Total",210792,150853,27492,75999,884,4191,7985,14181,7818,12303,59939,19625,20567,7249,8813,3685
"2011","Isle of Wight","E06000046","Total",99747,64218,15728,30353,476,2111,3293,5673,4386,2198,35529,20478,3661,3933,4504,2953
"2011","Medway","E06000035","Total",194158,137954,27137,77912,543,2731,3692,9910,9469,6560,56204,24738,9912,10105,7334,4115
"2011","Milton Keynes","E06000042","Total",181385,137717,23644,84004,537,2598,3938,8658,8640,5698,43668,18654,7143,8338,5810,3723
"2011","Portsmouth","E06000044","Total",153705,105834,20626,57743,376,2016,2483,6676,6536,9378,47871,16385,16380,6297,5813,2996
"2011","Reading","E06000038","Total",116808,86329,13883,52054,238,1388,2283,5329,5329,5825,30479,10001,9297,5334,3227,2620
"2011","Slough","E06000039","Total",100458,73819,11886,43610,388,1398,2494,4646,5440,3957,26639,7517,5813,6555,3388,3366
"2011","Southampton","E06000045","Total",180201,123193,22856,68082,450,2027,2965,7522,7631,11660,57008,17775,20857,7449,7330,3597
"2011","West Berkshire","E06000037","Total",112054,85401,15567,51084,369,2286,3416,6620,3279,2780,26653,14094,3799,4769,2420,1571
"2011","Windsor and Maidenhead","E06000040","Total",104247,77650,12727,46337,464,2280,3685,6474,3292,2391,26597,13366,4598,5016,1834,1783
"2011","Wokingham","E06000041","Total",112273,84912,15282,51260,385,2052,3403,6241,2958,3331,27361,14976,4441,4799,1742,1403
"2011","Aylesbury Vale","E07000004","Total",126740,95242,17751,54696,532,2712,4222,8065,3869,3395,31498,15684,5151,5375,2821,2467
"2011","Chiltern","E07000005","Total",65043,46743,8854,24978,325,1846,3039,4376,1728,1597,18300,10038,2715,3303,1227,1017
"2011","South Bucks","E07000006","Total",47802,34581,5643,19666,294,1642,1772,3142,1267,1155,13221,6914,2142,2429,878,858
"2011","Wycombe","E07000007","Total",124188,91315,16001,51724,546,2349,4506,7707,4023,4459,32873,15713,6331,6138,2434,2257
"2011","Eastbourne","E07000061","Total",70473,47926,10395,24700,249,1157,1893,3948,2874,2710,22547,11829,3632,2645,3192,1249
"2011","Hastings","E07000062","Total",66036,44759,9770,22094,207,1089,1977,4119,3621,1882,21277,9469,2699,3112,4370,1627
"2011","Lewes","E07000063","Total",69269,48194,10626,23792,310,1535,2892,4874,2319,1846,21075,12184,2545,2676,2448,1222
"2011","Rother","E07000064","Total",62861,39859,8685,18498,364,1587,2633,4737,2019,1336,23002,14163,2386,2728,2551,1174
"2011","Wealden","E07000065","Total",105879,74214,15676,36449,577,2955,4819,8322,2670,2746,31665,19091,3617,4504,2827,1626
"2011","Basingstoke and Deane","E07000084","Total",123243,94800,16506,59049,323,1890,3130,6449,3999,3454,28443,15461,3345,4920,2998,1719
"2011","East Hampshire","E07000085","Total",83522,60953,11975,33561,368,1899,3203,5604,2133,2210,22569,12787,3261,3551,1911,1059
"2011","Eastleigh","E07000086","Total",91582,69033,14551,40104,292,1524,2284,4784,2768,2726,22549,12922,2877,3260,2358,1132
"2011","Fareham","E07000087","Total",81198,59063,12324,34450,289,1282,2079,3911,2117,2611,22135,14078,2730,2594,1772,961
"2011","Gosport","E07000088","Total",59499,42981,8592,25813,112,654,1155,2535,2520,1600,16518,8650,2157,2582,2141,988
"2011","Hart","E07000089","Total",66087,49875,9156,29935,239,1289,2135,3831,1570,1720,16212,9425,2173,2905,891,818
"2011","Havant","E07000090","Total",86247,59601,13080,32329,257,1434,1996,4576,3444,2485,26646,14894,2947,3824,3586,1395
"2011","New Forest","E07000091","Total",124798,86776,19709,45549,594,2655,4346,7400,3288,3235,38022,24595,3425,4728,3528,1746
"2011","Rushmoor","E07000092","Total",69652,54145,9362,34397,158,855,1319,3220,2593,2241,15507,6814,2640,2776,1865,1412
"2011","Test Valley","E07000093","Total",84652,62141,12473,36237,300,1708,2586,4479,2133,2225,22511,13087,2837,3417,2047,1123
"2011","Winchester","E07000094","Total",84495,60029,11434,32339,399,2119,3055,4729,1943,4011,24466,12223,5665,3310,1882,1386
"2011","Ashford","E07000105","Total",84252,61189,12334,33223,307,1781,2598,5316,3058,2572,23063,12141,2771,4114,2626,1411
"2011","Canterbury","E07000106","Total",111867,71322,14268,34938,383,1993,2925,5486,3410,7919,40545,16830,13955,4037,3717,2006
"2011","Dartford","E07000107","Total",70488,53184,9765,31440,212,1255,1528,3920,3099,1965,17304,8359,2468,3131,2098,1248
"2011","Dover","E07000108","Total",80786,54478,11864,29124,325,1560,2159,3887,3607,1952,26308,14215,3208,3578,3596,1711
"2011","Gravesham","E07000109","Total",73191,51903,10560,28617,258,1363,1608,3723,3714,2060,21288,9904,3057,3866,2792,1669
"2011","Maidstone","E07000110","Total",113231,82528,16283,46737,441,2294,3322,6700,3848,2903,30703,16310,4079,5095,3098,2121
"2011","Sevenoaks","E07000111","Total",82098,58707,11527,31826,411,2147,3160,5462,2332,1842,23391,12531,3353,4448,1786,1273
"2011","Folkestone and Hythe","E07000112","Total",77938,52387,11151,27386,308,1441,1979,4269,3576,2277,25551,13794,2869,3486,3785,1617
"2011","Swale","E07000113","Total",98607,67913,13844,37613,340,1797,2245,5316,4538,2220,30694,14903,3660,5110,4380,2641
"2011","Thanet","E07000114","Total",94452,61272,13626,29937,341,1702,2466,5047,5358,2795,33180,17231,4016,4632,5273,2028
"2011","Tonbridge and Malling","E07000115","Total",86435,63039,12690,35663,331,1725,2668,5044,2580,2338,23396,12531,3426,4073,2123,1243
"2011","Tunbridge Wells","E07000116","Total",82052,59986,11265,33121,391,2077,3240,5430,2421,2041,22066,10378,3905,4191,2197,1395
"2011","Cherwell","E07000177","Total",103269,78160,15063,46827,350,1845,2869,5598,2936,2672,25109,12694,3560,3950,2539,2366
"2011","Oxford","E07000178","Total",118437,74923,12360,42867,307,1319,2646,3954,3801,7669,43514,8346,25539,4204,3129,2296
"2011","South Oxfordshire","E07000179","Total",96892,72820,13591,41976,432,2343,3833,6030,2446,2169,24072,13471,3378,3848,1809,1566
"2011","Vale of White Horse","E07000180","Total",87477,65710,12547,39197,324,1815,2613,4689,2190,2335,21767,12150,3400,3374,1682,1161
"2011","West Oxfordshire","E07000181","Total",76163,58506,10889,34599,329,1814,2680,4629,1730,1836,17657,10418,2302,2596,1394,947
"2011","Elmbridge","E07000207","Total",92027,67522,10910,38467,486,2641,4132,6306,2457,2123,24505,11239,4136,5852,1636,1642
"2011","Epsom and Ewell","E07000208","Total",54170,39844,7401,22696,231,1129,1736,3256,1480,1915,14326,7280,2785,2269,1127,865
"2011","Guildford","E07000209","Total",102054,73649,12432,41942,394,2112,3434,5586,2750,4999,28405,11556,8681,4517,1931,1720
"2011","Mole Valley","E07000210","Total",60778,44170,8418,23808,287,1579,2747,4330,1529,1472,16608,9519,2324,2657,1277,831
"2011","Reigate and Banstead","E07000211","Total",99173,74614,13429,43619,437,2206,3292,6248,2892,2491,24559,12278,3508,4354,2299,2120
"2011","Runnymede","E07000212","Total",59793,42816,7221,24716,221,1077,1702,3384,1630,2865,16977,7091,5476,2354,1135,921
"2011","Spelthorne","E07000213","Total",69916,52767,9279,32475,230,1112,1907,3762,2277,1725,17149,9289,2260,2724,1586,1290
"2011","Surrey Heath","E07000214","Total",62565,47016,8500,27645,242,1335,2081,3697,1731,1785,15549,8441,2185,2727,1059,1137
"2011","Tandridge","E07000215","Total",59457,43692,8047,24205,331,1584,2356,4199,1645,1325,15765,8390,2581,2554,1308,932
"2011","Waverley","E07000216","Total",85617,61649,11669,33014,453,2358,3764,5859,2068,2464,23968,12260,4402,4238,1760,1308
"2011","Woking","E07000217","Total",71722,54052,8977,32336,288,1344,2400,4231,2313,2163,17670,8242,2559,3954,1626,1289
"2011","Adur","E07000223","Total",43860,31054,7034,16445,172,730,1375,2726,1466,1106,12806,7375,1450,1713,1593,675
"2011","Arun","E07000224","Total",106071,71573,15734,37607,439,1988,3352,6065,3538,2850,34498,21665,3294,3902,3731,1906
"2011","Chichester","E07000225","Total",81037,56102,11384,27847,390,2232,3520,5632,2267,2830,24935,14773,3590,3395,1944,1233
"2011","Crawley","E07000226","Total",77348,59495,11129,36489,205,960,1431,3423,3490,2368,17853,7333,2586,3796,2480,1658
"2011","Horsham","E07000227","Total",94318,69240,13926,38028,425,2134,3685,5967,2557,2518,25078,14601,3291,3949,2030,1207
"2011","Mid Sussex","E07000228","Total",100252,75025,15173,42302,404,2095,3644,6323,2435,2649,25227,14203,3568,4038,2050,1368
"2011","Worthing","E07000229","Total",74338,53630,11186,29536,239,1235,2272,4236,2578,2348,20708,11426,2277,2722,3087,1196
"2011","Bath and North East Somerset","E06000022","Total",130550,89752,18818,46367,526,2506,4158,7116,3548,6713,40798,17896,13209,4289,3610,1794
"2011","Bournemouth","E06000028","Total",137574,96017,18289,51149,513,2374,3646,7433,5262,7351,41557,16837,11098,4887,6176,2559
"2011","Bristol, City of","E06000023","Total",321506,227119,42980,127829,909,4352,7308,14537,13817,15387,94387,31534,28932,12556,13973,7392
"2011","Cornwall","E06000052","Total",388858,259484,59778,123195,1967,10229,14046,26771,12694,10804,129374,73605,16726,15517,16980,6546
"2011","Isles of Scilly","E06000053","Total",1622,1331,220,653,17,124,82,210,18,7,291,209,13,26,14,29
"2011","North Somerset","E06000024","Total",145352,102607,23117,55596,527,2957,4172,7770,4350,4118,42745,25366,4591,5082,5607,2099
"2011","Plymouth","E06000026","Total",191786,127742,28356,69234,529,2429,3245,6913,8136,8900,64044,27019,16060,7482,10042,3441
"2011","Poole","E06000029","Total",106391,75720,16215,42040,427,1951,2950,5560,3413,3164,30671,17178,4008,4338,3486,1661
"2011","South Gloucestershire","E06000025","Total",192468,143198,31453,82489,584,3131,4158,9274,5354,6755,49270,27390,7885,6244,4872,2879
"2011","Swindon","E06000030","Total",154080,117039,22137,71912,329,2027,2891,6814,6518,4411,37041,17868,4895,6301,5271,2706
"2011","Torbay","E06000027","Total",94000,61795,14782,29537,421,1999,2683,5644,4275,2454,32205,18416,3032,3624,5454,1679
"2011","Wiltshire","E06000054","Total",339595,250792,50806,143218,1269,6965,10635,19233,9999,8667,88803,49893,11119,13554,9102,5135
"2011","East Devon","E07000040","Total",92782,62455,14837,30193,513,2626,3614,6295,2270,2107,30327,20750,2719,3038,2617,1203
"2011","Exeter","E07000041","Total",89544,60870,13348,33015,218,1172,1878,3502,2739,4998,28674,9976,11484,2634,3127,1453
"2011","Mid Devon","E07000042","Total",55847,40218,8789,20163,292,1584,2174,4512,1513,1191,15629,9194,1775,2072,1739,849
"2011","North Devon","E07000043","Total",67507,47119,11045,22505,363,1883,2409,5177,2052,1685,20388,12257,2023,2584,2477,1047
"2011","South Hams","E07000044","Total",60617,41639,9180,18979,403,1969,3196,5008,1422,1482,18978,12247,1974,1968,1868,921
"2011","Teignbridge","E07000045","Total",89471,61845,14300,30983,460,2269,3259,5837,2477,2260,27626,17009,2694,2944,3182,1797
"2011","Torridge","E07000046","Total",46510,31158,7250,13948,261,1455,1856,3922,1586,880,15352,9527,1428,1796,1879,722
"2011","West Devon","E07000047","Total",38941,26543,5918,12110,228,1188,1740,3289,1197,873,12398,7630,1272,1338,1333,825
"2011","Christchurch","E07000048","Total",32645,21420,5102,10786,155,659,1072,1857,1007,782,11225,7490,1067,1159,1054,455
"2011","East Dorset","E07000049","Total",61047,41576,9661,21297,290,1361,2168,3826,1309,1664,19471,13495,1617,2239,1354,766
"2011","North Dorset","E07000050","Total",49140,34878,7183,18705,242,1184,1838,3462,1301,963,14262,8374,1896,1817,1302,873
"2011","Purbeck","E07000051","Total",32379,22400,5222,11568,171,752,1102,1928,899,758,9979,6493,909,1131,952,494
"2011","West Dorset","E07000052","Total",70359,47566,10923,23139,387,1924,3035,4904,1616,1638,22793,14917,2363,2415,2063,1035
"2011","Weymouth and Portland","E07000053","Total",47871,32103,8174,16457,157,867,1119,2272,1854,1203,15768,8694,1484,1795,2355,1440
"2011","Cheltenham","E07000078","Total",86090,62763,11506,36092,277,1395,2339,4229,2878,4047,23327,10916,5402,3049,2583,1377
"2011","Cotswold","E07000079","Total",60075,43206,8703,21933,350,1926,2779,4612,1491,1412,16869,9762,2666,2321,1290,830
"2011","Forest of Dean","E07000080","Total",60341,41490,9008,21356,242,1402,1949,3877,2084,1572,18851,10701,2640,2327,2244,939
"2011","Gloucester","E07000081","Total",88942,65740,14303,38442,217,1095,1454,3479,3791,2959,23202,10726,3705,3522,3517,1732
"2011","Stroud","E07000082","Total",81955,59980,12899,31910,370,1919,3276,5215,2306,2085,21975,12806,2929,2866,2275,1099
"2011","Tewkesbury","E07000083","Total",59685,43454,9008,24881,229,1239,1805,3184,1682,1426,16231,10057,1772,2155,1417,830
"2011","Mendip","E07000187","Total",78653,56462,12726,28252,391,1959,3275,5569,2297,1993,22191,12049,3333,2934,2594,1281
"2011","Sedgemoor","E07000188","Total",82903,57966,13097,30108,311,1846,2445,4944,2972,2243,24937,14122,2793,3357,3299,1366
"2011","South Somerset","E07000189","Total",115790,82390,18305,44645,430,2452,3630,7036,3170,2722,33400,20745,3418,4125,3539,1573
"2011","Taunton Deane","E07000190","Total",78921,56832,12872,30983,290,1546,2232,4357,2223,2329,22089,12292,3124,2675,2838,1160
"2011","West Somerset","E07000191","Total",24918,16118,3626,7290,139,742,1123,2065,688,445,8800,5764,754,844,1047,391
"2011","Isle of Anglesey","W06000001","Total",50818,33023,6949,17274,247,1134,1157,2662,2381,1219,17795,10150,2266,1891,2592,896
"2011","Gwynedd","W06000002","Total",88913,57995,12300,27834,373,2464,2326,5766,3176,3756,30918,14561,7814,3062,3867,1614
"2011","Conwy","W06000003","Total",81906,53792,12398,26697,346,2077,1948,4773,3362,2191,28114,16178,3453,2684,4363,1436
"2011","Denbighshire","W06000004","Total",67676,44409,9696,23121,265,1587,1518,3601,2857,1764,23267,12487,3239,2314,4088,1139
"2011","Flintshire","W06000005","Total",112325,78957,16875,45785,372,1844,2052,4611,4332,3086,33368,18839,4240,3858,4829,1602
"2011","Wrexham","W06000006","Total",98691,68413,14567,39011,316,1740,1692,3797,4128,3162,30278,14983,4409,3799,5269,1818
"2011","Powys","W06000023","Total",96069,66846,13955,31210,482,3109,3399,9715,2928,2048,29223,17283,3539,3036,3926,1439
"2011","Ceredigion","W06000008","Total",57405,35064,6612,15161,218,1587,1776,4677,1469,3564,22341,9550,7835,1610,2521,825
"2011","Pembrokeshire","W06000009","Total",88049,58120,13507,27231,449,2675,2652,6087,3555,1964,29929,16505,3311,3766,4693,1654
"2011","Carmarthenshire","W06000010","Total",132930,86217,18475,44839,498,2952,2955,8237,4962,3299,46713,24097,5992,5007,9055,2562
"2011","Swansea","W06000011","Total",176971,111460,25141,59606,558,2708,2858,5542,6831,8216,65511,27684,15342,6565,12146,3774
"2011","Neath Port Talbot","W06000012","Total",102986,64110,14335,36977,268,1257,1368,3015,4630,2260,38876,17837,4397,4446,9839,2357
"2011","Bridgend","W06000013","Total",102805,66449,14633,38066,272,1495,1556,3411,4687,2329,36356,17204,4228,3986,7899,3039
"2011","Vale of Glamorgan","W06000014","Total",91816,63384,13657,34955,375,2039,2101,4016,3956,2285,28432,14912,4235,3362,4414,1509
"2011","Cardiff","W06000015","Total",260268,174753,32468,97170,750,3901,4622,9044,11566,15232,85515,27061,28383,10403,13477,6191
"2011","Rhondda Cynon Taff","W06000016","Total",172047,108730,23068,61225,402,2423,2181,6027,8104,5300,63317,27595,9914,7007,14854,3947
"2011","Merthyr Tydfil","W06000024","Total",43377,27833,5913,15882,111,592,501,1286,2481,1067,15544,6690,2078,1678,4107,991
"2011","Caerphilly","W06000018","Total",130950,84932,17292,50160,342,1842,1657,4061,6731,2847,46018,21032,5869,5645,10731,2741
"2011","Blaenau Gwent","W06000019","Total",51809,32145,6763,18147,132,586,522,1366,3557,1072,19664,8709,2245,2312,4995,1403
"2011","Torfaen","W06000020","Total",66107,43820,9535,25574,177,854,793,2032,3163,1692,22287,11115,2662,2897,4410,1203
"2011","Monmouthshire","W06000021","Total",66107,45272,9352,24246,293,1648,2001,4014,2217,1501,20835,11640,2838,2426,2646,1285
"2011","Newport","W06000022","Total",105141,71011,15531,39177,318,1593,1615,3368,5616,3793,34130,15389,5591,4642,6039,2469
